Date,Adj Close,Volume,timestamp,Log Returns,Rank,Adj Rank
2018-01-01,3373.688232,0,1514786400,0.0,842,6.7357800142423265
2018-01-02,3373.688232,0,1514872800,0.0,842,6.7357800142423265
2018-01-03,3373.688232,0,1514959200,0.0,842,6.7357800142423265
2018-01-04,3355.286133,11400,1515045600,0.005469524440949751,872,6.77078942390898
2018-01-05,3382.888916,10800,1515132000,-0.0081930009840278,872,6.77078942390898
2018-01-08,3382.888916,0,1515391200,0.0,872,6.77078942390898
2018-01-09,3339.951416,18300,1515477600,0.012773792540003114,872,6.77078942390898
2018-01-10,3352.218994,15600,1515564000,-0.003666252049645423,872,6.77078942390898
2018-01-11,3431.961182,11400,1515650400,-0.023509358131015432,882,6.782192056006791
2018-01-12,3542.372559,23100,1515736800,-0.03166484610339748,882,6.782192056006791
2018-01-15,3481.032471,8400,1515996000,0.017467780206644145,882,6.782192056006791
2018-01-16,3456.496582,10500,1516082400,0.007073409311314584,882,6.782192056006791
2018-01-17,3441.162109,8400,1516168800,0.004446290821234153,882,6.782192056006791
2018-01-18,3438.094971,10800,1516255200,0.0008917062315203803,902,6.804614520062624
2018-01-19,3499.43457,8100,1516341600,-0.01768387352758494,902,6.804614520062624
2018-01-22,3490.233643,24300,1516600800,0.002632723624096454,902,6.804614520062624
2018-01-23,3496.367676,4200,1516687200,-0.001755942351948472,902,6.804614520062624
2018-01-24,3484.099854,13800,1516773600,0.003514903429477975,902,6.804614520062624
2018-01-25,3453.429932,2400,1516860000,0.008841798955458665,902,6.804614520062624
2018-01-26,3450.362549,18000,1516946400,0.0008886081701562019,892,6.79346613258001
2018-01-29,3376.755371,412800,1517205600,0.021564013148585623,892,6.79346613258001
2018-01-30,3186.601807,195300,1517292000,0.05796021430394939,892,6.79346613258001
2018-01-31,3211.137695,91200,1517378400,-0.007670211731438744,892,6.79346613258001
2018-02-01,3297.013428,62400,1517464800,-0.02639174040712705,892,6.79346613258001
2018-02-02,3171.266602,51900,1517551200,0.03888596979746027,892,6.79346613258001
2018-02-05,3082.323975,50100,1517810400,0.028447217274328404,892,6.79346613258001
2018-02-06,2935.108643,106800,1517896800,0.04893938085364465,892,6.79346613258001
2018-02-07,2938.175781,51900,1517983200,-0.001044437169186586,892,6.79346613258001
2018-02-08,2962.71167,19200,1518069600,-0.0083160475793624,862,6.759255270663693
2018-02-09,2904.438965,70500,1518156000,0.019864709412090602,862,6.759255270663693
2018-02-12,2904.438965,0,1518415200,0.0,862,6.759255270663693
2018-02-13,2876.835938,51900,1518501600,0.009549186716024607,862,6.759255270663693
2018-02-14,2821.630371,36000,1518588000,0.01937619393690963,862,6.759255270663693
2018-02-15,2790.960205,39600,1518674400,0.010929167510653091,862,6.759255270663693
2018-02-16,2769.490967,48000,1518760800,0.007722159236050637,862,6.759255270663693
2018-02-19,2892.170654,39300,1519020000,-0.043343774659738474,862,6.759255270663693
2018-02-20,2904.438965,25200,1519106400,-0.004232932739899499,862,6.759255270663693
2018-02-21,2879.902832,23700,1519192800,0.008483689595977279,862,6.759255270663693
2018-02-22,2916.706787,12900,1519279200,-0.012698612459867278,862,6.759255270663693
2018-02-23,2898.304688,12600,1519365600,0.006329191441621751,862,6.759255270663693
2018-02-26,2922.84082,12900,1519624800,-0.008430051189301449,862,6.759255270663693
2018-02-27,3048.587158,36900,1519711200,-0.04212222951401251,862,6.759255270663693
2018-02-28,3116.061035,26100,1519797600,-0.021891459017634344,862,6.759255270663693
2018-03-01,3070.056152,26700,1519884000,0.01487386344340907,862,6.759255270663693
2018-03-02,3033.252441,16200,1519970400,0.012060395288676872,862,6.759255270663693
2018-03-05,2999.515381,27900,1520229600,0.011184720744398807,862,6.759255270663693
2018-03-06,3054.721191,9000,1520316000,-0.018237589331193092,862,6.759255270663693
2018-03-07,3051.654297,14400,1520402400,0.0010044892469850692,862,6.759255270663693
2018-03-08,3042.453369,16200,1520488800,0.0030196168152951466,862,6.759255270663693
2018-03-09,3088.458008,18000,1520575200,-0.015007720595836842,862,6.759255270663693
2018-03-12,3051.654297,43200,1520834400,0.01198810378054167,862,6.759255270663693
2018-03-13,3109.927002,21300,1520920800,-0.018915417853232995,862,6.759255270663693
2018-03-14,3066.989014,12000,1521007200,0.013902950766204104,852,6.747586526829315
2018-03-15,3097.65918,13500,1521093600,-0.00995041990751398,852,6.747586526829315
2018-03-16,3158.998779,23700,1521180000,-0.019608412273896775,852,6.747586526829315
2018-03-19,3211.137695,25500,1521439200,-0.0163701611624682,852,6.747586526829315
2018-03-20,3174.334229,17700,1521525600,0.011527377764878858,852,6.747586526829315
2018-03-21,3174.334229,0,1521612000,0.0,852,6.747586526829315
2018-03-22,3186.601807,14100,1521698400,-0.003857166033440071,852,6.747586526829315
2018-03-23,3128.329102,27300,1521784800,0.0184560559506458,852,6.747586526829315
2018-03-26,3094.592041,24000,1522044000,0.010842943614847108,852,6.747586526829315
2018-03-27,3195.802979,107100,1522130400,-0.03218229471298784,852,6.747586526829315
2018-03-28,3336.629639,51800,1522216800,-0.04312282751097002,852,6.747586526829315
2018-03-29,3327.027344,34600,1522303200,0.00288199157633269,852,6.747586526829315
2018-03-30,3365.434814,33900,1522389600,-0.011477955572526576,852,6.747586526829315
2018-04-02,3192.602295,39800,1522648800,0.0527208206930185,872,6.77078942390898
2018-04-03,3197.403076,17500,1522735200,-0.001502590882019047,872,6.77078942390898
2018-04-04,3091.782959,31900,1522821600,0.03359100769098152,872,6.77078942390898
2018-04-05,2981.362061,30000,1522908000,0.03636767034539229,872,6.77078942390898
2018-04-06,3106.185791,34300,1522994400,-0.04101527620025453,872,6.77078942390898
2018-04-09,3038.9729,12200,1523253600,0.021875943255869012,892,6.79346613258001
2018-04-10,3034.172363,9700,1523340000,0.0015809066939548354,892,6.79346613258001
2018-04-11,3024.570557,12200,1523426400,0.0031695730171251973,892,6.79346613258001
2018-04-12,2981.362061,12700,1523512800,0.014388853233305413,892,6.79346613258001
2018-04-13,2894.946045,34600,1523599200,0.029413789997886096,892,6.79346613258001
2018-04-16,2894.946045,26100,1523858400,0.0,902,6.804614520062624
2018-04-17,2894.946045,13600,1523944800,0.0,902,6.804614520062624
2018-04-18,2904.547852,24500,1524031200,-0.0033112598939607947,902,6.804614520062624
2018-04-19,2933.353516,13800,1524117600,-0.009868579807383277,902,6.804614520062624
2018-04-20,2909.348877,10100,1524204000,0.008217010708345978,902,6.804614520062624
2018-04-23,2918.950439,12100,1524463200,-0.003294810429407368,902,6.804614520062624
2018-04-24,2981.362061,10900,1524549600,-0.021156150575480745,902,6.804614520062624
2018-04-25,3048.574951,29300,1524636000,-0.022293988709959276,902,6.804614520062624
2018-04-26,3043.77417,23100,1524722400,0.001576003573770375,902,6.804614520062624
2018-04-27,3024.570557,10100,1524808800,0.00632913190288353,902,6.804614520062624
2018-04-30,3024.570557,0,1525068000,0.0,902,6.804614520062624
2018-05-01,3048.574951,12100,1525154400,-0.007905135476653865,902,6.804614520062624
2018-05-02,3110.986816,12800,1525240800,-0.020265727787454346,902,6.804614520062624
2018-05-03,3110.986816,0,1525327200,0.0,902,6.804614520062624
2018-05-04,3110.986816,0,1525413600,0.0,902,6.804614520062624
2018-05-07,3134.991455,11200,1525672800,-0.007686468362456193,912,6.815639990074331
2018-05-08,3125.389404,6700,1525759200,0.003067563698065078,912,6.815639990074331
2018-05-09,3125.389404,10200,1525845600,0.0,912,6.815639990074331
2018-05-10,3120.588623,3900,1525932000,0.0015372394602233036,912,6.815639990074331
2018-05-11,3077.380615,9600,1526018400,0.013942859772381229,912,6.815639990074331
2018-05-14,3091.782959,25900,1526277600,-0.004669148416191923,912,6.815639990074331
2018-05-15,3178.199463,106700,1526364000,-0.02756689594395942,912,6.815639990074331
2018-05-16,3082.181152,58200,1526450400,0.03067731724495955,912,6.815639990074331
2018-05-17,3183.0,45400,1526536800,-0.03218663571209487,912,6.815639990074331
2018-05-18,3245.412109,35900,1526623200,-0.01941819194351654,912,6.815639990074331
2018-05-21,3240.611084,23100,1526882400,0.0014804220503030216,912,6.815639990074331
2018-05-22,3264.615723,37800,1526968800,-0.007380141743285758,912,6.815639990074331
2018-05-23,3226.208496,28700,1527055200,0.011834452439651654,912,6.815639990074331
2018-05-24,3259.814697,23200,1527141600,-0.010362744855235664,912,6.815639990074331
2018-05-25,3269.416748,20700,1527228000,-0.0029412521222852896,902,6.804614520062624
2018-05-28,3303.023193,25100,1527487200,-0.010226563708040629,902,6.804614520062624
2018-05-29,3312.624756,29800,1527573600,-0.002902684609452503,902,6.804614520062624
2018-05-30,3235.810303,31200,1527660000,0.02346147614202305,902,6.804614520062624
2018-05-31,3394.240234,102000,1527746400,-0.04780056962549392,902,6.804614520062624
2018-06-01,3346.231201,23300,1527832800,0.014245248369162947,902,6.804614520062624
2018-06-04,3499.860107,67100,1528092000,-0.04488830036187235,902,6.804614520062624
2018-06-05,3408.642822,39100,1528178400,0.0264087856088498,902,6.804614520062624
2018-06-06,3408.642822,16900,1528264800,0.0,902,6.804614520062624
2018-06-07,3471.054688,27700,1528351200,-0.018144279786384564,902,6.804614520062624
2018-06-08,3418.244629,17400,1528437600,0.015331339511562661,902,6.804614520062624
2018-06-11,3495.058838,31300,1528696800,-0.02222305751710827,902,6.804614520062624
2018-06-12,3437.448486,24600,1528783200,0.016620733461587107,902,6.804614520062624
2018-06-13,3466.253662,22300,1528869600,-0.008344897430935503,902,6.804614520062624
2018-06-14,3495.058838,40800,1528956000,-0.008275836030651625,902,6.804614520062624
2018-06-15,3691.89624,106900,1529042400,-0.054790001785935225,902,6.804614520062624
2018-06-18,3811.918701,119700,1529301600,-0.03199244620264715,902,6.804614520062624
2018-06-19,3907.937256,105300,1529388000,-0.024877020340750088,902,6.804614520062624
2018-06-20,3802.316895,66300,1529474400,0.027399088634687364,902,6.804614520062624
2018-06-21,3562.271729,101300,1529560800,0.0652121226740889,902,6.804614520062624
2018-06-22,3643.887207,157500,1529647200,-0.022652558373475698,902,6.804614520062624
2018-06-25,3739.905518,37300,1529906400,-0.026009322695381507,902,6.804614520062624
2018-06-26,3552.669922,81600,1529992800,0.05136093702743108,902,6.804614520062624
2018-06-27,3667.891602,41100,1530079200,-0.03191759009987689,902,6.804614520062624
2018-06-28,3696.697021,24100,1530165600,-0.007822722318931963,902,6.804614520062624
2018-06-29,3715.900879,14900,1530252000,-0.005181422552013906,902,6.804614520062624
2018-07-02,3634.2854,21700,1530511200,0.022208643545266367,902,6.804614520062624
2018-07-03,3523.864502,40100,1530597600,0.030854245660659987,902,6.804614520062624
2018-07-04,3437.448486,38000,1530684000,0.024828780288466034,902,6.804614520062624
2018-07-05,3475.855469,18600,1530770400,-0.01111114985989745,902,6.804614520062624
2018-07-06,3461.452393,24000,1530856800,0.004152359094170303,902,6.804614520062624
2018-07-09,3485.457031,19100,1531116000,-0.006910910183112917,902,6.804614520062624
2018-07-10,3399.040771,39100,1531202400,0.025105912297762663,902,6.804614520062624
2018-07-11,3346.231201,25000,1531288800,0.015658567734443202,902,6.804614520062624
2018-07-12,3192.602295,50600,1531375200,0.04699834720830197,902,6.804614520062624
2018-07-13,3235.810303,39800,1531461600,-0.013443025951970966,902,6.804614520062624
2018-07-16,3235.810303,0,1531720800,0.0,902,6.804614520062624
2018-07-17,3264.615723,16200,1531807200,-0.008862683286660606,902,6.804614520062624
2018-07-18,3283.819336,10500,1531893600,-0.00586511674213942,902,6.804614520062624
2018-07-19,3163.796631,51000,1531980000,0.03723440475553362,902,6.804614520062624
2018-07-20,3197.403076,17500,1532066400,-0.01056616965678152,902,6.804614520062624
2018-07-23,3110.986816,38600,1532325600,0.027398961538960327,892,6.79346613258001
2018-07-24,3240.611084,29400,1532412000,-0.040821938152287206,892,6.79346613258001
2018-07-25,3235.810303,23300,1532498400,0.0014825415433750047,892,6.79346613258001
2018-07-26,3259.814697,36400,1532584800,-0.007390975702244596,902,6.804614520062624
2018-07-27,3293.421143,61300,1532671200,-0.010256533238431101,902,6.804614520062624
2018-07-30,3888.733154,313600,1532930400,-0.1661565516465713,902,6.804614520062624
2018-07-31,3850.326416,158700,1533016800,0.009925509154632658,902,6.804614520062624
2018-08-01,3855.126953,77400,1533103200,-0.0012460104269528217,902,6.804614520062624
2018-08-02,3903.135986,123200,1533189600,-0.012376390486216705,882,6.782192056006791
2018-08-03,3864.728516,78200,1533276000,0.009888891079139898,882,6.782192056006791
2018-08-06,3787.914307,68100,1533535200,0.020075885076581926,882,6.782192056006791
2018-08-07,3840.724609,88000,1533621600,-0.013845496218540771,882,6.782192056006791
2018-08-08,3835.92334,44400,1533708000,0.0012508765956027027,882,6.782192056006791
2018-08-09,3739.905518,27900,1533794400,0.02534982392230314,872,6.77078942390898
2018-08-10,3739.905518,25200,1533880800,0.0,872,6.77078942390898
2018-08-13,3567.072754,24700,1534140000,0.047315045960190864,872,6.77078942390898
2018-08-14,3648.688232,27900,1534226400,-0.022622411925427088,872,6.77078942390898
2018-08-15,3629.484131,27700,1534312800,0.005277189000107299,872,6.77078942390898
2018-08-16,3605.47998,22400,1534399200,0.0066356207742887165,872,6.77078942390898
2018-08-17,3663.090576,28600,1534485600,-0.01585230603235886,872,6.77078942390898
2018-08-20,3543.067871,36700,1534744800,0.033314228699173734,872,6.77078942390898
2018-08-21,3581.475586,30700,1534831200,-0.010781908287703451,872,6.77078942390898
2018-08-22,3576.674316,30300,1534917600,0.0013414837034023022,872,6.77078942390898
2018-08-23,3610.280762,45300,1535004000,-0.009352136078979032,872,6.77078942390898
2018-08-24,3643.887207,18700,1535090400,-0.009265483117312992,872,6.77078942390898
2018-08-27,3658.289795,29700,1535349600,-0.003944743238243948,872,6.77078942390898
2018-08-28,3653.489014,21900,1535436000,0.0013131638183481104,872,6.77078942390898
2018-08-29,3629.484131,24000,1535522400,0.006592079759385302,872,6.77078942390898
2018-08-30,3663.090576,46400,1535608800,-0.009216685258070147,872,6.77078942390898
2018-08-31,3787.914307,77600,1535695200,-0.033508342076166014,872,6.77078942390898
2018-09-03,3768.710938,26500,1535954400,0.0050825361099965305,872,6.77078942390898
2018-09-04,3802.316895,16700,1536040800,-0.008877573415863187,872,6.77078942390898
2018-09-05,3807.118164,37400,1536127200,-0.0012619253860303749,872,6.77078942390898
2018-09-06,3667.891602,27300,1536213600,0.03725551391881639,872,6.77078942390898
2018-09-07,3629.484131,23400,1536300000,0.01052647610731671,872,6.77078942390898
2018-09-10,3629.484131,23100,1536559200,0.0,872,6.77078942390898
2018-09-11,3519.063477,51000,1536645600,0.03089562896569035,872,6.77078942390898
2018-09-12,3418.244629,71200,1536732000,0.02906774360596025,872,6.77078942390898
2018-09-13,3456.651855,38000,1536818400,-0.011173295673570392,862,6.759255270663693
2018-09-14,3389.439209,35000,1536904800,0.019635965973164374,862,6.759255270663693
2018-09-17,3389.439209,0,1537164000,0.0,862,6.759255270663693
2018-09-18,3456.651855,36900,1537250400,-0.019635965973164294,862,6.759255270663693
2018-09-19,3495.058838,47400,1537336800,-0.011049761843537894,862,6.759255270663693
2018-09-20,3437.448486,22200,1537423200,0.016620733461587107,902,6.804614520062624
2018-09-21,3427.846436,46700,1537509600,0.002797274223532823,902,6.804614520062624
2018-09-24,3427.846436,0,1537768800,0.0,882,6.782192056006791
2018-09-25,3466.253662,51800,1537855200,-0.011142171654468236,882,6.782192056006791
2018-09-26,3399.040771,61700,1537941600,0.01958110877985808,882,6.782192056006791
2018-09-27,3394.240234,61900,1538028000,0.001413319365280114,882,6.782192056006791
2018-09-28,3389.439209,42400,1538114400,0.0014154636409123651,882,6.782192056006791
2018-10-01,3418.244629,31100,1538373600,-0.008462670299593909,882,6.782192056006791
2018-10-02,3384.638184,48300,1538460000,0.009880140318115271,882,6.782192056006791
2018-10-03,3355.833008,59700,1538546400,0.008546984486113973,882,6.782192056006791
2018-10-04,3312.624756,27400,1538632800,0.012959175337923337,912,6.815639990074331
2018-10-05,3298.221924,72200,1538719200,0.0043573404392347505,912,6.815639990074331
2018-10-08,3298.221924,0,1538978400,0.0,912,6.815639990074331
2018-10-09,3245.412109,47900,1539064800,0.016141172109110355,912,6.815639990074331
2018-10-10,3336.629639,32600,1539151200,-0.0277188671511756,912,6.815639990074331
2018-10-11,3274.217529,42400,1539237600,0.01888228929669478,902,6.804614520062624
2018-10-12,3365.434814,46300,1539324000,-0.0274782532928886,902,6.804614520062624
2018-10-15,3384.638184,62100,1539583200,-0.0056898412250126415,912,6.815639990074331
2018-10-16,3288.620117,29400,1539669600,0.028778953143849446,912,6.815639990074331
2018-10-17,3370.235596,32400,1539756000,-0.02451459224097444,912,6.815639990074331
2018-10-18,3384.638184,28100,1539842400,-0.004264360902875075,912,6.815639990074331
2018-10-19,3447.050293,40200,1539928800,-0.018271865180871576,912,6.815639990074331
2018-10-22,3399.040771,50900,1540188000,0.014025612156157715,912,6.815639990074331
2018-10-23,3288.620117,40400,1540274400,0.033025206168563304,912,6.815639990074331
2018-10-24,3298.221924,41100,1540360800,-0.002915452880577603,912,6.815639990074331
2018-10-25,3288.620117,66000,1540447200,0.002915452880577498,912,6.815639990074331
2018-10-26,3346.231201,145900,1540533600,-0.0173666384341203,912,6.815639990074331
2018-10-29,3562.271729,318700,1540792800,-0.06256376956550899,912,6.815639990074331
2018-10-30,3451.85083,68100,1540879200,0.031487907814504765,912,6.815639990074331
2018-10-31,3648.688232,74100,1540965600,-0.055457154848598283,912,6.815639990074331
2018-11-01,3447.050293,53200,1541052000,0.056848836709001614,912,6.815639990074331
2018-11-02,3600.678955,66000,1541138400,-0.043603548493966894,912,6.815639990074331
2018-11-05,3701.498047,74300,1541397600,-0.027615188986247444,922,6.826545223556594
2018-11-06,3677.493408,43900,1541484000,0.006506234307185408,922,6.826545223556594
2018-11-07,3605.47998,40500,1541570400,0.019776476238423338,922,6.826545223556594
2018-11-08,3605.47998,40700,1541656800,0.0,922,6.826545223556594
2018-11-09,3581.475586,26200,1541743200,0.006680014379111425,922,6.826545223556594
2018-11-12,3519.063477,27000,1542002400,0.017579993812290123,922,6.826545223556594
2018-11-13,3495.058838,62800,1542088800,0.006844686088852054,922,6.826545223556594
2018-11-14,3394.240234,46600,1542175200,0.02927026417578984,762,6.635946555686647
2018-11-15,3351.031738,48800,1542261600,0.012811666362340431,762,6.635946555686647
2018-11-16,3322.226563,48100,1542348000,0.008633070264751432,762,6.635946555686647
2018-11-19,3427.846436,76100,1542607200,-0.03129699311776166,762,6.635946555686647
2018-11-20,3389.439209,15200,1542693600,0.01126772013158236,762,6.635946555686647
2018-11-21,3442.249023,33200,1542780000,-0.015460560881942547,922,6.826545223556594
2018-11-22,3418.244629,14100,1542866400,0.006997890582348616,922,6.826545223556594
2018-11-23,3418.244629,0,1542952800,0.0,922,6.826545223556594
2018-11-26,3370.235596,10800,1543212000,0.014144501220990268,922,6.826545223556594
2018-11-27,3447.050293,19400,1543298400,-0.022536226083746558,922,6.826545223556594
2018-11-28,3403.842041,21200,1543384800,0.012614072098839779,912,6.815639990074331
2018-11-29,3461.452393,40700,1543471200,-0.016783462057331628,912,6.815639990074331
2018-11-30,3475.855469,62400,1543557600,-0.0041523590941701695,912,6.815639990074331
2018-12-03,3495.058838,44000,1543816800,-0.005509583601689746,912,6.815639990074331
2018-12-04,3403.842041,23900,1543903200,0.026445404753191733,912,6.815639990074331
2018-12-05,3360.633789,38300,1543989600,0.012775221832165885,902,6.804614520062624
2018-12-06,3379.837402,25100,1544076000,-0.005698018554920416,902,6.804614520062624
2018-12-07,3389.439209,17500,1544162400,-0.002836880213734977,902,6.804614520062624
2018-12-10,3523.864502,70300,1544421600,-0.03889377464358102,902,6.804614520062624
2018-12-11,3567.072754,85100,1544508000,-0.012187045302343803,902,6.804614520062624
2018-12-12,3677.493408,45400,1544594400,-0.030486078389454375,932,6.837332814685591
2018-12-13,3711.099854,60200,1544680800,-0.009096908318786182,932,6.837332814685591
2018-12-14,3701.498047,51300,1544767200,0.002590674011600688,932,6.837332814685591
2018-12-17,3672.692871,60300,1545026400,0.007812469959006162,932,6.837332814685591
2018-12-18,3581.475586,51800,1545112800,0.025150254965714106,932,6.837332814685591
2018-12-19,3547.869141,44000,1545199200,0.009427709054058904,922,6.826545223556594
2018-12-20,3591.077393,60200,1545285600,-0.012105085648938757,922,6.826545223556594
2018-12-21,3543.067871,68200,1545372000,0.013459284882583265,922,6.826545223556594
2018-12-24,3543.067871,0,1545631200,0.0,922,6.826545223556594
2018-12-25,3456.651855,94200,1545717600,0.02469253345697663,922,6.826545223556594
2018-12-26,3509.461914,49500,1545804000,-0.015162276263756271,922,6.826545223556594
2018-12-27,3739.905518,72200,1545890400,-0.06359762366919514,922,6.826545223556594
2018-12-28,3883.932617,93100,1545976800,-0.03778785287094626,922,6.826545223556594
2018-12-31,3883.932617,0,1546236000,0.0,922,6.826545223556594
2019-01-04,3879.131592,56500,1546581600,0.001236889321750644,912,6.815639990074331
2019-01-07,3879.131592,50200,1546840800,0.0,912,6.815639990074331
2019-01-08,3999.154053,88000,1546927200,-0.03047153991372722,912,6.815639990074331
2019-01-09,4003.955322,41000,1547013600,-0.0011998510456465302,932,6.837332814685591
2019-01-10,4032.760498,28400,1547100000,-0.007168425509722108,932,6.837332814685591
2019-01-11,4071.167969,33800,1547186400,-0.009478799997898659,932,6.837332814685591
2019-01-15,4051.964111,42200,1547532000,0.004728199317070424,932,6.837332814685591
2019-01-16,4085.570313,50300,1547618400,-0.008259600833083627,942,6.848005274576363
2019-01-17,4138.380859,18200,1547704800,-0.01284328440630158,942,6.848005274576363
2019-01-18,4258.40332,45100,1547791200,-0.02858966803265407,942,6.848005274576363
2019-01-21,4234.398438,79400,1548050400,0.00565300983350878,942,6.848005274576363
2019-01-22,4143.181641,67000,1548136800,0.02177726767646019,942,6.848005274576363
2019-01-23,4114.375488,47600,1548223200,0.006976947153147486,942,6.848005274576363
2019-01-24,4128.77832,16200,1548309600,-0.003494499069695863,952,6.858565034791365
2019-01-25,4205.59375,37000,1548396000,-0.018433927490013807,952,6.858565034791365
2019-01-28,4051.964111,143200,1548655200,0.03721375516863252,942,6.848005274576363
2019-01-29,4229.597656,300000,1548741600,-0.04290514250981703,942,6.848005274576363
2019-01-30,4584.864746,256200,1548828000,-0.08065373428724766,942,6.848005274576363
2019-01-31,4512.851074,146500,1548914400,0.015831485071555434,942,6.848005274576363
2019-02-01,4335.217285,148200,1549000800,0.04015738857468021,942,6.848005274576363
2019-02-04,4724.09082,252500,1549260000,-0.0859033909927268,942,6.848005274576363
2019-02-05,4666.47998,45900,1549346400,0.012270087521925174,942,6.848005274576363
2019-02-06,4709.688477,46600,1549432800,-0.009216729215356453,942,6.848005274576363
2019-02-07,4589.665527,44200,1549519200,0.025814613593927713,942,6.848005274576363
2019-02-08,4517.651855,41800,1549605600,0.01581479373217786,942,6.848005274576363
2019-02-12,4469.642578,101400,1549951200,0.010683912500971582,942,6.848005274576363
2019-02-13,4536.855469,40400,1550037600,-0.014925698852595901,932,6.837332814685591
2019-02-14,4407.231445,55800,1550124000,0.028987442035607765,932,6.837332814685591
2019-02-15,4373.625,48400,1550210400,0.007654517369322419,932,6.837332814685591
2019-02-18,4364.022949,49700,1550469600,0.002197858032581368,942,6.848005274576363
2019-02-19,4244.000488,143800,1550556000,0.027887990927012767,942,6.848005274576363
2019-02-20,4349.620605,68700,1550642400,-0.024582288317976243,932,6.837332814685591
2019-02-21,4344.819336,74200,1550728800,0.0011044459495105365,932,6.837332814685591
2019-02-22,4292.009277,29800,1550815200,0.012229191876754813,932,6.837332814685591
2019-02-25,4335.217285,37900,1551074400,-0.010016746161136798,942,6.848005274576363
2019-02-26,4316.01416,63100,1551160800,0.004439404184364049,942,6.848005274576363
2019-02-27,4282.407715,32000,1551247200,0.007816926550791598,942,6.848005274576363
2019-02-28,4248.80127,45900,1551333600,0.007878512621350066,942,6.848005274576363
2019-03-01,4229.597656,32800,1551420000,0.004530017284506203,942,6.848005274576363
2019-03-04,4200.791992,39100,1551679200,0.006833794713293901,932,6.837332814685591
2019-03-05,4234.398438,35300,1551765600,-0.007968195642007504,932,6.837332814685591
2019-03-06,4311.212891,44900,1551852000,-0.017978005073298144,932,6.837332814685591
2019-03-07,4412.032227,66500,1551938400,-0.02311612801023787,932,6.837332814685591
2019-03-08,4416.833008,52900,1552024800,-0.0010875194819204522,932,6.837332814685591
2019-03-11,4508.049805,27300,1552284000,-0.02044171900954724,932,6.837332814685591
2019-03-12,4594.466797,68000,1552370400,-0.018988064995465685,932,6.837332814685591
2019-03-13,4556.059082,24000,1552456800,0.008394695793412779,932,6.837332814685591
2019-03-14,4474.443848,36100,1552543200,0.01807594922828744,932,6.837332814685591
2019-03-15,4488.846191,57600,1552629600,-0.003213631452794877,932,6.837332814685591
2019-03-18,4522.452637,17800,1552888800,-0.007458769805393501,942,6.848005274576363
2019-03-19,4618.470703,59000,1552975200,-0.02100916814377152,942,6.848005274576363
2019-03-20,4724.09082,79100,1553061600,-0.02261148975429609,942,6.848005274576363
2019-03-22,4916.126953,127800,1553234400,-0.03984589243794889,942,6.848005274576363
2019-03-25,4868.117676,46400,1553493600,0.009813667610849728,942,6.848005274576363
2019-03-26,5002.543457,81600,1553580000,-0.027239126284224608,942,6.848005274576363
2019-03-27,5148.532227,130600,1553666400,-0.02876519509364317,942,6.848005274576363
2019-03-28,5158.264648,96100,1553752800,-0.0018885448138104529,942,6.848005274576363
2019-03-29,5313.98584,56600,1553839200,-0.029741968272736775,942,6.848005274576363
2019-04-01,5284.788574,53700,1554098400,0.005509569072282285,952,6.858565034791365
2019-04-02,5245.85791,35100,1554184800,0.0073938179229319665,952,6.858565034791365
2019-04-03,5284.788574,69500,1554271200,-0.007393817922932007,952,6.858565034791365
2019-04-04,5333.451172,23000,1554357600,-0.00916591447518705,952,6.858565034791365
2019-04-05,5216.660645,33800,1554444000,0.022141054073298947,952,6.858565034791365
2019-04-08,5216.660645,32200,1554703200,0.0,952,6.858565034791365
2019-04-09,5197.194824,11700,1554789600,0.0037384508992192944,962,6.8690144506657065
2019-04-10,5119.334473,17400,1554876000,0.01509457824471776,962,6.8690144506657065
2019-04-11,5099.869141,20600,1554962400,0.0038095640867091616,962,6.8690144506657065
2019-04-12,5099.869141,31300,1555048800,0.0,962,6.8690144506657065
2019-04-15,5236.125488,33000,1555308000,-0.02636693337337786,962,6.8690144506657065
2019-04-16,5265.322754,30700,1555394400,-0.005560631364409625,952,6.858565034791365
2019-04-17,5206.927246,29100,1555480800,0.0111525437732009,952,6.858565034791365
2019-04-18,5080.404297,38900,1555567200,0.02459905729101461,942,6.848005274576363
2019-04-19,5129.066895,18500,1555653600,-0.009532906378277596,942,6.848005274576363
2019-04-22,5138.799316,20400,1555912800,-0.0018957052448128583,942,6.848005274576363
2019-04-23,5226.392578,32500,1555999200,-0.016901828375127447,942,6.848005274576363
2019-04-24,5206.927246,40400,1556085600,0.003731382707203349,942,6.848005274576363
2019-04-25,5469.707031,81000,1556172000,-0.049235154029139784,942,6.848005274576363
2019-04-26,5372.381348,39100,1556258400,0.017953791539537384,942,6.848005274576363
2019-05-07,5430.776367,41200,1557208800,-0.010810836845793639,952,6.858565034791365
2019-05-08,5489.172363,61600,1557295200,-0.0106953895314442,952,6.858565034791365
2019-05-09,5498.904297,52700,1557381600,-0.0017713630593981897,942,6.848005274576363
2019-05-10,5391.84668,102400,1557468000,0.019660915176835308,942,6.848005274576363
2019-05-13,5498.904297,71100,1557727200,-0.019660915176835197,932,6.837332814685591
2019-05-14,5440.509277,112100,1557813600,0.010676180082833334,932,6.837332814685591
2019-05-15,5226.392578,189500,1557900000,0.040151389136201705,932,6.837332814685591
2019-05-16,5372.381348,80200,1557986400,-0.02754997978239896,932,6.837332814685591
2019-05-17,5508.637695,51500,1558072800,-0.02504608608082888,932,6.837332814685591
2019-05-20,5294.520508,84200,1558332000,0.03964493097420469,932,6.837332814685591
2019-05-21,5382.11377,41500,1558418400,-0.01640877172862598,932,6.837332814685591
2019-05-22,5265.322754,40100,1558504800,0.02193874555165168,932,6.837332814685591
2019-05-23,5352.916504,32700,1558591200,-0.016499107795726234,932,6.837332814685591
2019-05-24,5352.916504,21200,1558677600,0.0,932,6.837332814685591
2019-05-27,5469.707031,31500,1558936800,-0.021583502460212806,932,6.837332814685591
2019-05-28,5411.311523,23500,1559023200,0.010733566596176566,932,6.837332814685591
2019-05-29,5343.183594,25700,1559109600,0.01266983519129296,932,6.837332814685591
2019-05-30,5216.660645,38200,1559196000,0.02396417997561085,932,6.837332814685591
2019-05-31,5255.590332,42600,1559282400,-0.007434861217940252,932,6.837332814685591
2019-06-03,5236.125488,21900,1559541600,0.003710521075208745,932,6.837332814685591
2019-06-04,5245.85791,31800,1559628000,-0.001856981532448221,932,6.837332814685591
2019-06-05,5226.392578,21500,1559714400,0.003717511234036073,932,6.837332814685591
2019-06-06,5226.392578,6500,1559800800,0.0,932,6.837332814685591
2019-06-07,5245.85791,11700,1559887200,-0.003717511234036107,932,6.837332814685591
2019-06-10,5245.85791,10100,1560146400,0.0,932,6.837332814685591
2019-06-11,5167.997559,30500,1560232800,0.01495350152899928,932,6.837332814685591
2019-06-12,5138.799316,25600,1560319200,0.005665838080164259,932,6.837332814685591
2019-06-13,5099.869141,43300,1560405600,0.007604575296662749,932,6.837332814685591
2019-06-14,5119.334473,19300,1560492000,-0.003809564086709199,932,6.837332814685591
2019-06-17,5022.008301,27400,1560751200,0.01919453119920226,932,6.837332814685591
2019-06-18,4934.415527,49300,1560837600,0.017595682034779243,932,6.837332814685591
2019-06-19,4953.880859,27600,1560924000,-0.0039370496966207,932,6.837332814685591
2019-06-20,5012.276367,48300,1561010400,-0.011718895252072866,932,6.837332814685591
2019-06-21,4885.75293,60800,1561096800,0.025566771943974147,942,6.848005274576363
2019-06-24,4914.950195,23700,1561356000,-0.005958215651186539,942,6.848005274576363
2019-06-25,4934.415527,18900,1561442400,-0.00395261134409413,942,6.848005274576363
2019-06-26,4866.287109,11300,1561528800,0.013902985923037028,932,6.837332814685591
2019-06-27,4876.020508,54000,1561615200,-0.001998171813329457,932,6.837332814685591
2019-06-28,4866.287109,19800,1561701600,0.001998171813329379,932,6.837332814685591
2019-07-01,4934.415527,25100,1561960800,-0.013902985923036956,932,6.837332814685591
2019-07-02,4973.345703,25200,1562047200,-0.007858561676434941,932,6.837332814685591
2019-07-03,4983.078125,26000,1562133600,-0.0019550041798019626,932,6.837332814685591
2019-07-04,5031.741211,18800,1562220000,-0.009718291936437482,932,6.837332814685591
2019-07-05,4992.811035,9000,1562306400,0.007767004601126205,932,6.837332814685591
2019-07-08,5012.276367,13300,1562565600,-0.0038910917571452963,932,6.837332814685591
2019-07-09,4876.020508,32200,1562652000,0.02756075905840101,942,6.848005274576363
2019-07-10,4953.880859,11700,1562738400,-0.015841863806328207,942,6.848005274576363
2019-07-11,4992.811035,18700,1562824800,-0.007827803494927536,942,6.848005274576363
2019-07-12,4924.682617,6200,1562911200,0.01373925551915079,942,6.848005274576363
2019-07-16,4876.020508,26000,1563256800,0.00993041178210495,932,6.837332814685591
2019-07-17,4822.490723,19500,1563343200,0.011038875411795844,932,6.837332814685591
2019-07-18,4666.769531,49800,1563429600,0.03282345904350248,932,6.837332814685591
2019-07-19,4705.700195,34800,1563516000,-0.008307498244607267,932,6.837332814685591
2019-07-22,4666.769531,18600,1563775200,0.008307498244607253,942,6.848005274576363
2019-07-23,4637.571777,46900,1563861600,0.006276177727368956,942,6.848005274576363
2019-07-24,4501.315918,69200,1563948000,0.029821125083711476,942,6.848005274576363
2019-07-25,4447.786621,58200,1564034400,0.011963196350171275,942,6.848005274576363
2019-07-26,4598.641602,98300,1564120800,-0.033354372071108376,942,6.848005274576363
2019-07-29,4822.490723,240400,1564380000,-0.0475295861336458,942,6.848005274576363
2019-07-30,4511.04834,137000,1564466400,0.06676096770853397,942,6.848005274576363
2019-07-31,4447.786621,82400,1564552800,0.014122990496220117,942,6.848005274576363
2019-08-01,4379.658691,62700,1564639200,0.015435786977246216,942,6.848005274576363
2019-08-02,4584.04248,81000,1564725600,-0.04561044946234191,942,6.848005274576363
2019-08-05,4496.449707,92500,1564984800,0.019293114996931145,942,6.848005274576363
2019-08-06,4457.519043,44700,1565071200,0.008695788516611723,942,6.848005274576363
2019-08-07,4545.112793,59100,1565157600,-0.019460201391537202,952,6.858565034791365
2019-08-08,4501.315918,39100,1565244000,0.009682764012918857,962,6.8690144506657065
2019-08-09,4472.118164,40500,1565330400,0.006507621669644257,962,6.8690144506657065
2019-08-13,4350.460938,45900,1565676000,0.02758035633508095,972,6.879355804460439
2019-08-14,4282.333008,29700,1565762400,0.01578384583524083,942,6.848005274576363
2019-08-15,4141.210449,39400,1565848800,0.033509832321991846,942,6.848005274576363
2019-08-16,4141.210449,57800,1565935200,0.0,942,6.848005274576363
2019-08-19,4102.280273,33300,1566194400,0.00944514083367938,952,6.858565034791365
2019-08-20,4233.669922,38200,1566280800,-0.031526227514965637,952,6.858565034791365
2019-08-21,4214.205078,13700,1566367200,0.004608230696105947,952,6.858565034791365
2019-08-22,4330.996094,81200,1566453600,-0.02733658028834063,952,6.858565034791365
2019-08-23,4457.519043,49800,1566540000,-0.028794782509818748,952,6.858565034791365
2019-08-26,4447.786621,54400,1566799200,0.0021857589715529,952,6.858565034791365
2019-08-27,4511.04834,28400,1566885600,-0.014122990496220069,952,6.858565034791365
2019-08-28,4447.786621,21200,1566972000,0.014122990496220117,952,6.858565034791365
2019-08-29,4491.583496,27300,1567058400,-0.009798727394922328,952,6.858565034791365
2019-08-30,4632.705566,51900,1567144800,-0.03093574164147346,952,6.858565034791365
2019-09-02,4632.705566,30800,1567404000,0.0,952,6.858565034791365
2019-09-03,4642.437988,56200,1567490400,-0.0020986037607392143,952,6.858565034791365
2019-09-04,4559.711426,21800,1567576800,0.017980318945383576,952,6.858565034791365
2019-09-05,4730.03125,76600,1567663200,-0.03667247149548228,932,6.837332814685591
2019-09-06,4627.839355,33400,1567749600,0.021841712056835536,932,6.837332814685591
2019-09-09,4681.368652,32800,1568008800,-0.011500416993302095,922,6.826545223556594
2019-09-10,4661.90332,36200,1568095200,0.004166711666016625,922,6.826545223556594
2019-09-11,4812.758301,31600,1568181600,-0.0318465685908323,922,6.826545223556594
2019-09-12,4744.630371,25700,1568268000,0.01425684071112865,912,6.815639990074331
2019-09-13,4764.095703,21100,1568354400,-0.004094209684710202,912,6.815639990074331
2019-09-17,4773.828125,18700,1568700000,-0.00204078488218376,892,6.79346613258001
2019-09-18,4822.490723,37200,1568786400,-0.010142017140472751,892,6.79346613258001
2019-09-19,4905.217773,36000,1568872800,-0.01700894809202954,892,6.79346613258001
2019-09-20,4914.950195,39100,1568959200,-0.0019821300853795913,892,6.79346613258001
2019-09-24,4983.078125,19800,1569304800,-0.013766177200330996,892,6.79346613258001
2019-09-25,5012.276367,27800,1569391200,-0.005842379092456611,892,6.79346613258001
2019-09-26,4973.345703,22500,1569477600,0.007797383272258642,892,6.79346613258001
2019-09-27,4812.758301,32300,1569564000,0.03282242219417648,892,6.79346613258001
2019-09-30,4773.828125,34700,1569823200,0.00812184614423464,892,6.79346613258001
2019-10-01,4817.625,30800,1569909600,-0.009132543073354035,892,6.79346613258001
2019-10-02,4739.76416,11000,1569996000,0.01629368884285768,892,6.79346613258001
2019-10-03,4725.165527,43500,1570082400,0.0030847866934825925,892,6.79346613258001
2019-10-04,4973.345703,83400,1570168800,-0.051190200801397266,892,6.79346613258001
2019-10-07,4944.148438,18400,1570428000,0.005888049730807033,902,6.804614520062624
2019-10-08,4953.880859,19000,1570514400,-0.001966537750992823,902,6.804614520062624
2019-10-09,4953.880859,19600,1570600800,0.0,902,6.804614520062624
2019-10-10,5041.473633,37100,1570687200,-0.017527145523393184,902,6.804614520062624
2019-10-11,4934.415527,23600,1570773600,0.021464195220013995,902,6.804614520062624
2019-10-15,4992.811035,11900,1571119200,-0.01176485319154822,892,6.79346613258001
2019-10-16,4992.811035,8100,1571205600,0.0,892,6.79346613258001
2019-10-17,5197.194824,50400,1571292000,-0.04011993828715111,892,6.79346613258001
2019-10-18,5197.194824,34300,1571378400,0.0,892,6.79346613258001
2019-10-21,5284.788574,44000,1571637600,-0.01671359049733122,892,6.79346613258001
2019-10-23,5294.520508,57900,1571810400,-0.0018398057320550398,872,6.77078942390898
2019-10-24,5129.066895,165900,1571896800,0.03174866850896355,872,6.77078942390898
2019-10-25,5265.322754,107600,1571983200,-0.026218694685937793,872,6.77078942390898
2019-10-28,5352.916504,142300,1572242400,-0.016499107795726234,862,6.759255270663693
2019-10-29,4895.485352,196500,1572328800,0.08932812963527685,862,6.759255270663693
2019-10-30,4885.75293,128500,1572415200,0.001990019040789846,862,6.759255270663693
2019-10-31,4914.950195,104600,1572501600,-0.005958215651186539,862,6.759255270663693
2019-11-01,4885.75293,54600,1572588000,0.005958215651186439,862,6.759255270663693
2019-11-05,5002.543457,71000,1572933600,-0.023623069863403075,862,6.759255270663693
2019-11-06,5167.997559,97500,1573020000,-0.03253881965597703,862,6.759255270663693
2019-11-07,4963.613281,96500,1573106400,0.04035133455677739,862,6.759255270663693
2019-11-08,4856.554688,93400,1573192800,0.021804685012328913,872,6.77078942390898
2019-11-11,4700.833496,130900,1573452000,0.03258944201368417,872,6.77078942390898
2019-11-12,4603.508301,118500,1573538400,0.02092114563031726,872,6.77078942390898
2019-11-13,4564.577637,47000,1573624800,0.008492699186188063,872,6.77078942390898
2019-11-14,4608.374512,64900,1573711200,-0.009549206645396241,872,6.77078942390898
2019-11-15,4725.165527,52300,1573797600,-0.025027398104837794,872,6.77078942390898
2019-11-18,4734.897461,41500,1574056800,-0.002057478358328015,862,6.759255270663693
2019-11-19,4730.03125,36600,1574143200,0.0010282616123895223,862,6.759255270663693
2019-11-20,4705.700195,26300,1574229600,0.005157227941374927,862,6.759255270663693
2019-11-21,4695.967285,44700,1574316000,0.0020704653717326616,862,6.759255270663693
2019-11-22,4725.165527,34200,1574402400,-0.006198476567168833,862,6.759255270663693
2019-11-25,4759.229492,33800,1574661600,-0.007183191210757479,872,6.77078942390898
2019-11-26,4841.956055,47800,1574748000,-0.017232998967391774,872,6.77078942390898
2019-11-27,5041.473633,89300,1574834400,-0.04037964416682697,872,6.77078942390898
2019-11-28,4973.345703,29900,1574920800,0.013605633543578917,862,6.759255270663693
2019-11-29,5031.741211,58800,1575007200,-0.011673296116239427,862,6.759255270663693
2019-12-02,5070.671387,50800,1575266400,-0.007707142888235533,852,6.747586526829315
2019-12-03,4963.613281,32600,1575352800,0.021339272713587806,852,6.747586526829315
2019-12-04,4983.078125,29700,1575439200,-0.003913837888914773,852,6.747586526829315
2019-12-05,4944.148438,43400,1575525600,0.007843053910609066,852,6.747586526829315
2019-12-06,4876.020508,27000,1575612000,0.013875326055335426,852,6.747586526829315
2019-12-09,4953.880859,36200,1575871200,-0.015841863806328207,882,6.782192056006791
2019-12-10,5051.206543,44200,1575957600,-0.01945585283352388,882,6.782192056006791
2019-12-11,5031.741211,41900,1576044000,0.003861044737470206,882,6.782192056006791
2019-12-12,4992.811035,30400,1576130400,0.007767004601126205,882,6.782192056006791
2019-12-13,4973.345703,28700,1576216800,0.003906291515113283,882,6.782192056006791
2019-12-16,4963.613281,37100,1576476000,0.0019588337091129473,852,6.747586526829315
2019-12-17,4953.880859,39200,1576562400,0.0019626782707013683,862,6.759255270663693
2019-12-18,4876.020508,24500,1576648800,0.01584186380632819,862,6.759255270663693
2019-12-19,4851.688477,54800,1576735200,0.005002633566165254,862,6.759255270663693
2019-12-20,4885.75293,45500,1576821600,-0.006996620680592106,862,6.759255270663693
2019-12-23,4905.217773,59400,1577080800,-0.003976085565806943,862,6.759255270663693
2019-12-24,4914.950195,31300,1577167200,-0.0019821300853795913,852,6.747586526829315
2019-12-25,5245.85791,133400,1577253600,-0.0651571753971927,852,6.747586526829315
2019-12-26,5333.451172,82700,1577340000,-0.016559732398119035,852,6.747586526829315
2019-12-27,5382.11377,85300,1577426400,-0.009082662985493943,852,6.747586526829315
2019-12-30,5450.242188,56100,1577685600,-0.012578854789864258,852,6.747586526829315
2020-01-06,5352.916504,69400,1578290400,0.01801849254578969,852,6.747586526829315
2020-01-07,5440.509277,25500,1578376800,-0.01623112027447806,852,6.747586526829315
2020-01-08,5333.451172,49000,1578463200,0.019874145504046502,852,6.747586526829315
2020-01-09,5313.98584,51900,1578549600,0.003656345402904929,852,6.747586526829315
2020-01-10,5333.451172,36100,1578636000,-0.003656345402904845,852,6.747586526829315
2020-01-14,5362.648438,33500,1578981600,-0.005459436539365246,852,6.747586526829315
2020-01-15,5362.648438,23600,1579068000,0.0,852,6.747586526829315
2020-01-16,5226.392578,35900,1579154400,0.02573668017152029,852,6.747586526829315
2020-01-17,5236.125488,64500,1579240800,-0.0018605297015877843,852,6.747586526829315
2020-01-20,5304.253418,29700,1579500000,-0.012927216252795859,852,6.747586526829315
2020-01-21,5236.125488,21400,1579586400,0.012927216252795751,902,6.804614520062624
2020-01-22,5294.520508,56800,1579672800,-0.011090605187435335,902,6.804614520062624
2020-01-23,5284.788574,52500,1579759200,0.0018398057320549717,902,6.804614520062624
2020-01-24,5255.590332,73500,1579845600,0.0055402783801717,902,6.804614520062624
2020-01-27,5236.125488,46700,1580104800,0.003710521075208745,902,6.804614520062624
2020-01-28,5167.997559,51000,1580191200,0.013096519996550895,902,6.804614520062624
2020-01-29,5284.788574,46500,1580277600,-0.02234731945193127,902,6.804614520062624
2020-01-30,5129.066895,78600,1580364000,0.029908862776908497,902,6.804614520062624
2020-01-31,5090.13623,172500,1580450400,0.007619156377600391,902,6.804614520062624
2020-02-03,4983.078125,203000,1580709600,0.02125679696528505,892,6.79346613258001
2020-02-04,4983.078125,53900,1580796000,0.0,892,6.79346613258001
2020-02-05,5051.206543,64800,1580882400,-0.013579336673907708,892,6.79346613258001
2020-02-06,5070.671387,27500,1580968800,-0.0038460981507652528,892,6.79346613258001
2020-02-07,4934.415527,58200,1581055200,0.027239000680909967,892,6.79346613258001
2020-02-10,4841.956055,35600,1581314400,0.018915448946813015,852,6.747586526829315
2020-02-12,4783.560547,40500,1581487200,0.012133629155194545,912,6.815639990074331
2020-02-13,4764.095703,15500,1581573600,0.004077413442152125,912,6.815639990074331
2020-02-14,4695.967285,35700,1581660000,0.014403624147971198,912,6.815639990074331
2020-02-17,4783.560547,41600,1581919200,-0.018481037590123463,912,6.815639990074331
2020-02-18,4725.165527,76600,1582005600,0.012282561022954592,912,6.815639990074331
2020-02-19,4700.833496,25700,1582092000,0.0051627599337286815,1082,6.9865664594064265
2020-02-20,4676.502441,17500,1582178400,0.005189343703785317,1082,6.9865664594064265
2020-02-21,4686.234375,23800,1582264800,-0.0020788659760746435,1082,6.9865664594064265
2020-02-25,4535.380371,73300,1582610400,0.032720400258716385,1082,6.9865664594064265
2020-02-26,4545.112793,74800,1582696800,-0.0021435896819507897,1082,6.9865664594064265
2020-02-27,4403.990234,62300,1582783200,0.03154154293474509,1082,6.9865664594064265
2020-02-28,4301.797852,93800,1582869600,0.02347796089424885,1082,6.9865664594064265
2020-03-02,4379.658691,95500,1583128800,-0.017937756488657697,1082,6.9865664594064265
2020-03-03,4292.06543,71500,1583215200,0.020202727629418396,1082,6.9865664594064265
2020-03-04,4330.996094,41100,1583301600,-0.009029491068398586,1092,6.9957661563048505
2020-03-05,4389.391113,49000,1583388000,-0.013392958472432501,1082,6.9865664594064265
2020-03-06,4292.06543,40400,1583474400,0.022422449540831075,1082,6.9865664594064265
2020-03-09,4092.547852,95500,1583733600,0.04760034649022146,1082,6.9865664594064265
2020-03-10,4131.478027,78900,1583820000,-0.0094674959343762,1082,6.9865664594064265
2020-03-11,4141.210449,87200,1583906400,-0.002352905350723155,1072,6.977281341630747
2020-03-12,3878.431152,119300,1583992800,0.06555739448956065,1072,6.977281341630747
2020-03-13,3649.715576,213900,1584079200,0.06078148942418768,1072,6.977281341630747
2020-03-16,3800.570557,95100,1584338400,-0.04050196186584206,1072,6.977281341630747
2020-03-17,3829.768066,114000,1584424800,-0.007653042138319848,1082,6.9865664594064265
2020-03-18,3966.02417,93800,1584511200,-0.034959880201859465,1082,6.9865664594064265
2020-03-19,3951.425293,83400,1584597600,0.0036877768814938972,1072,6.977281341630747
2020-03-23,4175.274414,54800,1584943200,-0.05510373654792296,1072,6.977281341630747
2020-03-24,4350.460938,37500,1585029600,-0.04110171819853046,1072,6.977281341630747
2020-03-25,4511.04834,32500,1585116000,-0.03624777215077422,1082,6.9865664594064265
2020-03-26,4584.04248,91300,1585202400,-0.016051671988875704,1082,6.9865664594064265
2020-03-27,4691.101074,61200,1585288800,-0.02308607909437525,1082,6.9865664594064265
2020-03-30,4814.55127,85800,1585548000,-0.025975521242820016,1082,6.9865664594064265
2020-03-31,4987.381348,69800,1585634400,-0.035268145335909565,1082,6.9865664594064265
2020-04-01,4572.588867,58500,1585720800,0.08683145586313862,1082,6.9865664594064265
2020-04-02,4572.588867,68200,1585807200,0.0,1082,6.9865664594064265
2020-04-03,4602.217285,36600,1585893600,-0.006458669644548105,1082,6.9865664594064265
2020-04-06,4863.931152,41300,1586152800,-0.055308784118704366,1082,6.9865664594064265
2020-04-07,4918.249512,38200,1586239200,-0.011105686993523389,1082,6.9865664594064265
2020-04-08,4873.807617,41300,1586325600,0.009077193804104789,1082,6.9865664594064265
2020-04-09,5007.133301,41700,1586412000,-0.0269880727734807,1082,6.9865664594064265
2020-04-10,4967.629395,16800,1586498400,0.007920812502699996,1082,6.9865664594064265
2020-04-13,4824.427246,28900,1586757600,0.02925072116595801,1082,6.9865664594064265
2020-04-14,4967.629395,40100,1586844000,-0.029250721165957973,1082,6.9865664594064265
2020-04-15,4918.249512,30800,1586930400,0.009990066466675877,1102,7.004881989712859
2020-04-16,4997.257324,30600,1587016800,-0.015936549781679753,1102,7.004881989712859
2020-04-17,4967.629395,22800,1587103200,0.005946483315003759,1102,7.004881989712859
2020-04-20,4908.373535,22100,1587362400,0.01200011209026603,1102,7.004881989712859
2020-04-21,4839.241211,19300,1587448800,0.014184697477015342,1102,7.004881989712859
2020-04-22,4967.629395,57100,1587535200,-0.026184809567281368,1102,7.004881989712859
2020-04-23,5145.397461,33000,1587621600,-0.03515987477865788,1102,7.004881989712859
2020-04-24,5165.149414,24700,1587708000,-0.0038314121262854745,1102,7.004881989712859
2020-04-27,5155.273438,44800,1587967200,0.0019138710024167046,1102,7.004881989712859
2020-04-28,5184.901367,40700,1588053600,-0.0057306594214488575,1102,7.004881989712859
2020-04-30,5234.28125,53100,1588226400,-0.009478719114639213,1102,7.004881989712859
2020-05-01,5263.909668,30000,1588312800,-0.005644495684190043,1102,7.004881989712859
2020-05-07,5352.793457,51900,1588831200,-0.016744532593374453,1072,6.977281341630747
2020-05-08,5382.421387,48400,1588917600,-0.005519778719981547,1072,6.977281341630747
2020-05-11,5412.049805,46200,1589176800,-0.005489568109120318,1072,6.977281341630747
2020-05-12,5421.925293,59800,1589263200,-0.001823059522623458,1072,6.977281341630747
2020-05-13,5599.693848,38500,1589349600,-0.0322609537601154,1072,6.977281341630747
2020-05-14,5283.661621,93500,1589436000,0.0580925800549779,1072,6.977281341630747
2020-05-15,5303.413086,63500,1589522400,-0.0037312455918054334,1072,6.977281341630747
2020-05-18,5382.421387,57900,1589781600,-0.014787753071313393,1072,6.977281341630747
2020-05-19,5313.289551,50500,1589868000,0.012927200282605179,1072,6.977281341630747
2020-05-20,5451.553711,51700,1589954400,-0.025689508061239066,1072,6.977281341630747
2020-05-21,5560.189453,36400,1590040800,-0.019731529329132167,1072,6.977281341630747
2020-05-22,5451.553711,39800,1590127200,0.01973152932913217,1062,6.967909201801884
2020-05-25,5382.421387,28400,1590386400,0.012762307778633832,1062,6.967909201801884
2020-05-26,5333.041504,46500,1590472800,0.009216630780198399,1062,6.967909201801884
2020-05-27,5184.901367,75900,1590559200,0.02817089533198701,1062,6.967909201801884
2020-05-28,4947.876953,73300,1590645600,0.04679223254905913,1062,6.967909201801884
2020-05-29,5026.885254,53700,1590732000,-0.015841972316456975,1072,6.977281341630747
2020-06-01,5105.893555,50700,1590991200,-0.01559491304929647,1072,6.977281341630747
2020-06-02,5096.017578,22300,1591077600,0.0019361039233248497,1072,6.977281341630747
2020-06-03,5115.769043,33900,1591164000,-0.0038683710037452955,1072,6.977281341630747
2020-06-04,5184.901367,31000,1591250400,-0.013423080102885194,1072,6.977281341630747
2020-06-05,5145.397461,21600,1591336800,0.007648200545317604,1072,6.977281341630747
2020-06-08,5204.65332,16700,1591596000,-0.011450476464105854,1072,6.977281341630747
2020-06-09,5254.033203,25200,1591682400,-0.009442916148036308,1072,6.977281341630747
2020-06-10,5194.777344,19100,1591768800,0.011342246849498193,1072,6.977281341630747
2020-06-11,5036.761719,22100,1591855200,0.030890404449987433,1072,6.977281341630747
2020-06-12,5076.265625,21000,1591941600,-0.00781251856328549,1072,6.977281341630747
2020-06-15,4967.629395,26600,1592200800,0.021633134654599786,1072,6.977281341630747
2020-06-16,5105.893555,18800,1592287200,-0.02745272814066985,1072,6.977281341630747
2020-06-17,5026.885254,21400,1592373600,0.015594913049296564,1072,6.977281341630747
2020-06-18,5115.769043,26900,1592460000,-0.017527180129716987,1072,6.977281341630747
2020-06-19,5086.141113,19400,1592546400,0.0058083266452099835,1072,6.977281341630747
2020-06-22,5036.761719,20900,1592805600,0.009756052484565798,1072,6.977281341630747
2020-06-23,5115.769043,18100,1592892000,-0.01556437912977587,1072,6.977281341630747
2020-06-24,5086.141113,9700,1592978400,0.0058083266452099835,1072,6.977281341630747
2020-06-25,4987.381348,10600,1593064800,0.01960841993619347,1072,6.977281341630747
2020-06-26,4967.629395,34400,1593151200,0.003968248639686824,1072,6.977281341630747
2020-06-29,4868.869629,16500,1593410400,0.020080942300504875,1072,6.977281341630747
2020-06-30,4967.629395,17100,1593496800,-0.020080942300504872,1072,6.977281341630747
2020-07-01,4873.807617,27100,1593583200,0.01906726027078072,1072,6.977281341630747
2020-07-02,4730.605469,156400,1593669600,0.02982228270500988,1072,6.977281341630747
2020-07-03,4770.109375,64900,1593756000,-0.008316033963924607,1072,6.977281341630747
2020-07-06,4755.29541,69500,1594015200,0.0031104141561912354,1072,6.977281341630747
2020-07-07,4868.869629,54100,1594101600,-0.023602980867552283,1072,6.977281341630747
2020-07-08,4883.683105,27200,1594188000,-0.003037868709125886,1072,6.977281341630747
2020-07-09,4888.621582,22500,1594274400,-0.001010708850895788,1072,6.977281341630747
2020-07-10,5017.009277,61400,1594360800,-0.02592361593528064,1072,6.977281341630747
2020-07-13,5086.141113,26700,1594620000,-0.013685417381082931,1062,6.967909201801884
2020-07-14,5056.513672,50600,1594706400,0.0058421637915381215,1062,6.967909201801884
2020-07-15,5115.769043,30900,1594792800,-0.011650490436748102,1072,6.977281341630747
2020-07-16,5007.133301,46100,1594879200,0.021464182718390092,1072,6.977281341630747
2020-07-17,4918.249512,32400,1594965600,0.01791087896937604,1072,6.977281341630747
2020-07-20,4878.745117,22800,1595224800,0.008064638310886676,1072,6.977281341630747
2020-07-21,5066.38916,16500,1595311200,-0.037740327990438395,1072,6.977281341630747
2020-07-22,4977.505371,6500,1595397600,0.017699530620117566,1072,6.977281341630747
2020-07-27,4977.505371,4900,1595829600,0.0,1072,6.977281341630747
2020-07-28,5115.769043,34200,1595916000,-0.027398902628331858,1072,6.977281341630747
2020-07-29,5135.520996,29100,1596002400,-0.003853559379894526,1072,6.977281341630747
2020-07-30,4928.125,47600,1596088800,0.04122270685034323,1062,6.967909201801884
2020-07-31,5323.165039,96700,1596175200,-0.07710946742517646,1062,6.967909201801884
2020-08-03,5382.421387,42300,1596434400,-0.011070286260342893,1062,6.967909201801884
2020-08-04,5668.825684,62200,1596520800,-0.051843641028909766,1072,6.977281341630747
2020-08-05,5500.933594,70100,1596607200,0.03006416368657791,1072,6.977281341630747
2020-08-06,5481.181641,34300,1596693600,0.0035971165618435374,1072,6.977281341630747
2020-08-07,5846.59375,63400,1596780000,-0.06453852106915527,1072,6.977281341630747
2020-08-11,5886.097168,42100,1597125600,-0.006733931295429885,1072,6.977281341630747
2020-08-12,5698.453125,48400,1597212000,0.032398401568945925,1012,6.919683849847411
2020-08-13,5698.453125,36600,1597298400,0.0,1012,6.919683849847411
2020-08-14,5747.833496,57100,1597384800,-0.008628244073334063,1012,6.919683849847411
2020-08-17,5629.321289,15000,1597644000,0.020834118195182078,1012,6.919683849847411
2020-08-18,5797.213379,22900,1597730400,-0.029388467892763087,1012,6.919683849847411
2020-08-19,5797.213379,13100,1597816800,0.0,1012,6.919683849847411
2020-08-20,5777.461426,14300,1597903200,0.003412963647938314,1012,6.919683849847411
2020-08-21,5797.213379,18500,1597989600,-0.0034129636479383703,1012,6.919683849847411
2020-08-24,5797.213379,22000,1598248800,0.0,1012,6.919683849847411
2020-08-25,5826.841797,12800,1598335200,-0.005097787599122326,1012,6.919683849847411
2020-08-26,5945.353516,21200,1598421600,-0.020134854997741827,1012,6.919683849847411
2020-08-27,6024.361816,20900,1598508000,-0.013201558312224282,1012,6.919683849847411
2020-08-28,5905.849609,27200,1598594400,0.0198682322177019,1012,6.919683849847411
2020-08-31,6093.493652,42100,1598853600,-0.03127826862184699,1012,6.919683849847411
2020-09-01,6034.237793,48400,1598940000,0.009772038704849453,1022,6.92951677076365
2020-09-02,6152.749512,37800,1599026400,-0.019449508221860066,1022,6.92951677076365
2020-09-03,6192.253418,28500,1599112800,-0.006400005097466898,1022,6.92951677076365
2020-09-04,6330.518066,50700,1599199200,-0.022083013647576907,1022,6.92951677076365
2020-09-07,6330.518066,16700,1599458400,0.0,1022,6.92951677076365
2020-09-08,6360.145508,22200,1599544800,-0.00466917992955558,1022,6.92951677076365
2020-09-09,6360.145508,12900,1599631200,0.0,1002,6.90975328164481
2020-09-10,6350.27002,10800,1599717600,0.0015539208714954354,1002,6.90975328164481
2020-09-11,6419.401855,12400,1599804000,-0.010827609523077552,1002,6.90975328164481
2020-09-14,6458.905762,15200,1600063200,-0.006134972401405572,1002,6.90975328164481
2020-09-15,6429.277344,20500,1600149600,0.004597773006560065,1002,6.90975328164481
2020-09-16,6340.393555,20200,1600236000,0.01392130230939686,1002,6.90975328164481
2020-09-17,6330.518066,17600,1600322400,0.0015587656665861861,1002,6.90975328164481
2020-09-18,6468.781738,23200,1600408800,-0.021605721033978464,1002,6.90975328164481
2020-09-23,6458.905762,21200,1600840800,0.0015278800514354203,1002,6.90975328164481
2020-09-24,6281.137695,37500,1600927200,0.027908791063133067,1002,6.90975328164481
2020-09-25,6528.037598,50200,1601013600,-0.03855525144624329,1002,6.90975328164481
2020-09-28,6547.789551,26900,1601272800,-0.0030211424177492238,1002,6.90975328164481
2020-09-29,6577.417969,37400,1601359200,-0.004514742838303054,1012,6.919683849847411
2020-09-30,6765.062012,43800,1601445600,-0.02812916577467401,1012,6.919683849847411
2020-10-02,6607.045898,45000,1601618400,0.023634788275348904,1002,6.90975328164481
2020-10-05,6686.053711,35400,1601877600,-0.01188718142076884,1012,6.919683849847411
2020-10-06,6666.301758,23500,1601964000,0.0029585742311197725,1002,6.90975328164481
2020-10-07,6705.806152,31400,1602050400,-0.005908493887675677,1002,6.90975328164481
2020-10-08,6745.310059,46200,1602136800,-0.005873716345287698,1002,6.90975328164481
2020-10-09,6863.821777,29100,1602223200,-0.017416939638531467,1002,6.90975328164481
2020-10-12,6913.202148,39300,1602482400,-0.007168541294808486,1002,6.90975328164481
2020-10-13,6903.325684,31900,1602568800,0.001429659579066704,1002,6.90975328164481
2020-10-14,6992.209961,20900,1602655200,-0.012793387974488158,1002,6.90975328164481
2020-10-15,6992.209961,19100,1602741600,0.0,1002,6.90975328164481
2020-10-16,6844.069824,46000,1602828000,0.021414108450691787,1002,6.90975328164481
2020-10-19,6972.458008,49400,1603087200,-0.01858525978551212,992,6.899723107284872
2020-10-20,6962.582031,35100,1603173600,0.0014174309691044366,992,6.899723107284872
2020-10-21,6962.582031,36700,1603260000,0.0,992,6.899723107284872
2020-10-22,6932.954102,25500,1603346400,0.004264387298922495,992,6.899723107284872
2020-10-23,6913.202148,28100,1603432800,0.0028530614622147656,992,6.899723107284872
2020-10-26,6853.945801,23300,1603692000,0.008608422478117944,992,6.899723107284872
2020-10-27,6952.706055,28200,1603778400,-0.014306428451271896,992,6.899723107284872
2020-10-28,7110.72168,39300,1603864800,-0.022472796546610857,992,6.899723107284872
2020-10-29,7160.102051,37000,1603951200,-0.0069204930300794795,992,6.899723107284872
2020-10-30,7189.72998,28500,1604037600,-0.004129382286394848,992,6.899723107284872
2020-11-02,6844.069824,120500,1604296800,0.04927105789150967,992,6.899723107284872
2020-11-04,6913.202148,30900,1604469600,-0.010050380055270487,992,6.899723107284872
2020-11-05,7090.969727,86300,1604556000,-0.02538916684415062,992,6.899723107284872
2020-11-06,7189.72998,44500,1604642400,-0.01383151099208877,1002,6.90975328164481
2020-11-09,7140.350098,36600,1604901600,0.006891807607606108,1012,6.919683849847411
2020-11-10,6853.945801,79100,1604988000,0.04093729270675088,1012,6.919683849847411
2020-11-11,6853.945801,46300,1605074400,0.0,1012,6.919683849847411
2020-11-12,6893.450195,36000,1605160800,-0.005747197905438078,1012,6.919683849847411
2020-11-13,6873.697754,27700,1605247200,0.002869505670563094,1012,6.919683849847411
2020-11-16,6774.937988,31700,1605506400,0.014471994349711198,1022,6.92951677076365
2020-11-17,6853.945801,36300,1605592800,-0.011594302114836431,1022,6.92951677076365
2020-11-18,6774.937988,31600,1605679200,0.011594302114836436,1022,6.92951677076365
2020-11-19,6824.317871,23200,1605765600,-0.0072621767739549925,1022,6.92951677076365
2020-11-20,6873.697754,20800,1605852000,-0.007209817575756251,1012,6.919683849847411
2020-11-24,7081.094238,79800,1606197600,-0.029726241142458507,1012,6.919683849847411
2020-11-25,7041.589844,34100,1606284000,0.005594474365508547,1012,6.919683849847411
2020-11-26,7288.490234,78200,1606370400,-0.03446244882417633,1012,6.919683849847411
2020-11-27,7318.117676,173500,1606456800,-0.004056723205567871,1012,6.919683849847411
2020-11-30,7505.761719,48200,1606716000,-0.02531780798770608,1012,6.919683849847411
2020-12-01,7505.761719,24000,1606802400,0.0,1012,6.919683849847411
2020-12-02,7357.62207,42400,1606888800,0.019934162583962946,1012,6.919683849847411
2020-12-03,7298.365723,44300,1606975200,0.008086342692018052,1012,6.919683849847411
2020-12-04,7189.72998,24000,1607061600,0.014996833438937011,1012,6.919683849847411
2020-12-07,7061.341797,38700,1607320800,0.018018526411290373,1022,6.92951677076365
2020-12-08,7199.605957,31200,1607407200,-0.0193912066508752,1022,6.92951677076365
2020-12-09,7061.341797,17200,1607493600,0.019391206650875247,1022,6.92951677076365
2020-12-10,7071.217773,21500,1607580000,-0.0013976205171725915,1022,6.92951677076365
2020-12-11,7298.365723,27300,1607666400,-0.03161773933305481,1022,6.92951677076365
2020-12-14,7199.605957,13300,1607925600,0.013624153199352056,1022,6.92951677076365
2020-12-15,7130.473633,16800,1608012000,0.0096486359192296,1022,6.92951677076365
2020-12-16,7199.605957,19400,1608098400,-0.009648635919229572,992,6.899723107284872
2020-12-17,7248.98584,34100,1608184800,-0.006835278614031002,992,6.899723107284872
2020-12-18,7298.365723,15800,1608271200,-0.006788874585321086,992,6.899723107284872
2020-12-21,7298.365723,11600,1608530400,0.0,992,6.899723107284872
2020-12-22,7229.233887,12400,1608616800,0.009517382043623932,982,6.889591308354466
2020-12-23,7327.994141,13700,1608703200,-0.013568760349832187,982,6.889591308354466
2020-12-24,7555.14209,30300,1608789600,-0.030526575124672165,982,6.889591308354466
2020-12-25,7723.03418,22700,1608876000,-0.021978912358469976,1002,6.90975328164481
2020-12-28,7723.03418,29900,1609135200,0.0,1002,6.90975328164481
2020-12-29,7861.297852,29200,1609221600,-0.017744398611090968,992,6.899723107284872
2020-12-30,7989.686035,37800,1609308000,-0.016199750332978855,992,6.899723107284872
2021-01-04,7950.182129,20700,1609740000,0.004956626550693007,1002,6.90975328164481
2021-01-05,8058.818359,24400,1609826400,-0.01357210247575903,992,6.899723107284872
2021-01-06,7989.686035,10900,1609912800,0.008615475925066077,992,6.899723107284872
2021-01-07,8335.34668,45200,1609999200,-0.042353644356429215,992,6.899723107284872
2021-01-08,8888.402344,102800,1610085600,-0.06424221092045178,1012,6.919683849847411
2021-01-12,8789.642578,31300,1610431200,0.01117327101279838,1012,6.919683849847411
2021-01-13,8848.898438,39000,1610517600,-0.006718932463505894,1032,6.939253946041508
2021-01-14,9214.310547,52500,1610604000,-0.040464788775753886,1032,6.939253946041508
2021-01-15,9016.790039,43200,1610690400,0.02166937053655805,1032,6.939253946041508
2021-01-18,8918.030273,24400,1610949600,0.011013298434755544,1032,6.939253946041508
2021-01-19,9145.177734,16200,1611036000,-0.025151615960394134,1032,6.939253946041508
2021-01-20,9204.43457,23200,1611122400,-0.006458669644548105,1032,6.939253946041508
2021-01-21,9332.822266,11200,1611208800,-0.013852076393911129,1032,6.939253946041508
2021-01-22,9747.615234,37000,1611295200,-0.04348520091421187,1032,6.939253946041508
2021-01-25,9925.382813,57500,1611554400,-0.01807273270098419,1032,6.939253946041508
2021-01-26,10053.770508,100600,1611640800,-0.012852342661169767,1032,6.939253946041508
2021-01-27,10429.058594,58200,1611727200,-0.03664826642519723,1042,6.948897222313312
2021-01-28,9816.74707,57300,1611813600,0.06050619360683662,1042,6.948897222313312
2021-01-29,10073.523438,45100,1611900000,-0.025820728181580398,1042,6.948897222313312
2021-02-01,9935.258789,26200,1612159200,0.013820616191966081,1042,6.948897222313312
2021-02-02,10132.77832,24200,1612245600,-0.019685623313527457,1042,6.948897222313312
2021-02-03,10093.274414,18300,1612332000,0.0039062447578078583,1042,6.948897222313312
2021-02-04,10073.523438,14300,1612418400,0.0019587623637535596,1042,6.948897222313312
2021-02-05,10330.298828,19500,1612504800,-0.025170670813628924,1042,6.948897222313312
2021-02-08,10201.911133,24700,1612764000,0.012506142163708937,1042,6.948897222313312
2021-02-09,10567.323242,35600,1612850400,-0.03519145803180746,1042,6.948897222313312
2021-02-10,10764.842773,39200,1612936800,-0.018518998570223783,1042,6.948897222313312
2021-02-12,10853.726563,46500,1613109600,-0.008222957722702519,1022,6.92951677076365
2021-02-15,10991.991211,38000,1613368800,-0.012658452853621764,1022,6.92951677076365
2021-02-16,11070.999023,26700,1613455200,-0.007162052730588442,1022,6.92951677076365
2021-02-17,11317.899414,47200,1613541600,-0.022056502792858538,1022,6.92951677076365
2021-02-18,11406.783203,41100,1613628000,-0.007822704832954925,1022,6.92951677076365
2021-02-19,11782.071289,57800,1613714400,-0.03237079749714261,1022,6.92951677076365
2021-02-22,11396.90625,66500,1613973600,0.03323705676084644,1022,6.92951677076365
2021-02-24,10873.479492,40700,1614146400,0.04701518661898028,1022,6.92951677076365
2021-02-25,11070.999023,31900,1614232800,-0.018002238256870667,952,6.858565034791365
2021-02-26,10843.850586,65600,1614319200,0.020730835582273968,952,6.858565034791365
2021-03-01,10271.041992,98000,1614578400,0.05426967446691964,952,6.858565034791365
2021-03-02,10419.182617,39800,1614664800,-0.014320111002773967,952,6.858565034791365
2021-03-03,10280.918945,21200,1614751200,0.013358942013530032,952,6.858565034791365
2021-03-04,10093.274414,36400,1614837600,0.018420345135160672,952,6.858565034791365
2021-03-05,10122.90332,42400,1614924000,-0.002931209608870575,952,6.858565034791365
2021-03-08,10271.041992,20600,1615183200,-0.01452796653704623,952,6.858565034791365
2021-03-09,10182.158203,16500,1615269600,0.008691485702929323,952,6.858565034791365
2021-03-10,10508.066406,20900,1615356000,-0.031506198492744435,952,6.858565034791365
2021-03-11,10942.611328,28900,1615442400,-0.04052127257085976,952,6.858565034791365
2021-03-12,11219.138672,27100,1615528800,-0.024956666006141978,952,6.858565034791365
2021-03-15,11061.123047,17200,1615788000,0.014184597687081567,942,6.848005274576363
2021-03-16,11387.03125,28100,1615874400,-0.029038565923012884,942,6.848005274576363
2021-03-17,11268.518555,14000,1615960800,0.0104622290815263,942,6.848005274576363
2021-03-18,11278.395508,24800,1616047200,-0.0008761246531735455,942,6.848005274576363
2021-03-19,11021.618164,59600,1616133600,0.02303036197047334,942,6.848005274576363
2021-03-22,10942.611328,7900,1616392800,0.007194167843247074,932,6.837332814685591
2021-03-23,10912.983398,17400,1616479200,0.002711246115299836,932,6.837332814685591
2021-03-24,10991.991211,17900,1616565600,-0.007213718073230167,932,6.837332814685591
2021-03-25,11140.130859,29700,1616652000,-0.013387045300387368,932,6.837332814685591
2021-03-26,11278.395508,12800,1616738400,-0.012335012555402886,932,6.837332814685591
2021-03-29,11515.418945,38000,1616997600,-0.020797921401376682,912,6.815639990074331
2021-03-30,11310.228516,47400,1617084000,0.017979420456875887,912,6.815639990074331
2021-03-31,11746.381836,45800,1617170400,-0.03783776962082949,922,6.826545223556594
2021-04-01,11617.518555,32600,1617256800,0.011031085184102115,922,6.826545223556594
2021-04-02,11558.042969,20700,1617343200,0.0051326235617824125,922,6.826545223556594
2021-04-05,11498.567383,16400,1617602400,0.005159103355654695,922,6.826545223556594
2021-04-06,11597.693359,17500,1617688800,-0.008583777759551756,912,6.815639990074331
2021-04-07,11964.458008,32000,1617775200,-0.031134192237537325,912,6.815639990074331
2021-04-08,12192.446289,40900,1617861600,-0.01887618112840831,912,6.815639990074331
2021-04-09,12351.047852,33800,1617948000,-0.01292430244729173,912,6.815639990074331
2021-04-12,12172.621094,23900,1618207200,0.014551648603454126,902,6.804614520062624
2021-04-13,12182.53418,24800,1618293600,-0.0008140442083739534,922,6.826545223556594
2021-04-14,12301.484375,17400,1618380000,-0.009716634595877016,922,6.826545223556594
2021-04-15,12301.484375,36400,1618466400,0.0,912,6.815639990074331
2021-04-16,12360.959961,30600,1618552800,-0.004823179769884497,912,6.815639990074331
2021-04-19,12162.708984,30800,1618812000,0.01616848574511553,922,6.826545223556594
2021-04-20,11944.632813,23200,1618898400,0.01809258951825186,912,6.815639990074331
2021-04-21,11825.681641,19100,1618984800,0.010008463722006105,912,6.815639990074331
2021-04-22,11934.719727,14100,1619071200,-0.009178199454760982,912,6.815639990074331
2021-04-23,12033.845703,14000,1619157600,-0.008271378730334029,912,6.815639990074331
2021-04-26,12152.795898,10800,1619416800,-0.00983610341494284,892,6.79346613258001
2021-04-27,12132.97168,17100,1619503200,0.0016325794389226871,892,6.79346613258001
2021-04-28,12152.795898,22900,1619589600,-0.0016325794389226733,892,6.79346613258001
2021-04-30,12370.873047,24400,1619762400,-0.017785503306822294,892,6.79346613258001
2021-05-06,12132.97168,27200,1620280800,0.019418082745745018,882,6.782192056006791
2021-05-07,12023.932617,21900,1620367200,0.009027630543898841,882,6.782192056006791
2021-05-10,11944.632813,23800,1620626400,0.006617007895210126,882,6.782192056006791
2021-05-11,11776.119141,28800,1620712800,0.014208361290084829,882,6.782192056006791
2021-05-12,11676.993164,16500,1620799200,0.008453169538691475,882,6.782192056006791
2021-05-13,11002.939453,59300,1620885600,0.05945804956840383,882,6.782192056006791
2021-05-14,11032.677734,59500,1620972000,-0.0026991119696584006,882,6.782192056006791
2021-05-17,11022.764648,28900,1621231200,0.0008989243104572659,882,6.782192056006791
2021-05-18,11072.327148,17400,1621317600,-0.004486298005524435,882,6.782192056006791
2021-05-19,11221.015625,36000,1621404000,-0.013339469394758777,882,6.782192056006791
2021-05-20,11637.34375,23400,1621490400,-0.03643080092970091,882,6.782192056006791
2021-05-21,11468.830078,24700,1621576800,0.014586288581452327,882,6.782192056006791
2021-05-24,11280.491211,20500,1621836000,0.016558135312162294,842,6.7357800142423265
2021-05-25,11577.868164,16400,1621922400,-0.026020566627740195,842,6.7357800142423265
2021-05-26,11617.518555,16100,1622008800,-0.0034188203112038105,842,6.7357800142423265
2021-05-27,11657.167969,24900,1622095200,-0.0034070879806804375,842,6.7357800142423265
2021-05-28,12073.496094,24200,1622181600,-0.035091377585400256,842,6.7357800142423265
2021-05-31,12202.359375,22600,1622440800,-0.010616679733689283,842,6.7357800142423265
2021-06-01,12301.484375,14900,1622527200,-0.008090611556378838,842,6.7357800142423265
2021-06-02,12103.233398,30800,1622613600,0.016247296111125315,842,6.7357800142423265
2021-06-03,12291.572266,24500,1622700000,-0.015441206027942899,842,6.7357800142423265
2021-06-04,12132.97168,14600,1622786400,0.012987166971191712,842,6.7357800142423265
2021-06-07,12261.834961,11300,1623045600,-0.010564910926241252,832,6.723832440821209
2021-06-08,12242.009766,11000,1623132000,0.0016181296891684227,832,6.723832440821209
2021-06-09,11914.894531,19300,1623218400,0.027084201445964365,832,6.723832440821209
2021-06-10,12053.670898,10400,1623304800,-0.011579993653787342,832,6.723832440821209
2021-06-11,11994.195313,23500,1623391200,0.004946443542671776,832,6.723832440821209
2021-06-14,12380.785156,26600,1623650400,-0.03172287773094257,842,6.7357800142423265
2021-06-15,12341.134766,13200,1623736800,0.0032077139739484276,842,6.7357800142423265
2021-06-16,12341.134766,12500,1623823200,0.0,842,6.7357800142423265
2021-06-17,12420.435547,15600,1623909600,-0.006405171490743534,822,6.71174039505618
2021-06-18,12460.085938,33500,1623996000,-0.0031872663593614076,822,6.71174039505618
2021-06-21,12341.134766,11900,1624255200,0.009592437850104874,832,6.723832440821209
2021-06-22,12341.134766,22800,1624341600,0.0,832,6.723832440821209
2021-06-23,12360.959961,9200,1624428000,-0.0016051431650402391,832,6.723832440821209
2021-06-24,12222.18457,9400,1624514400,0.011290407946123784,842,6.7357800142423265
2021-06-25,12400.610352,11500,1624600800,-0.014492985520027339,842,6.7357800142423265
2021-06-28,12697.987305,22800,1624860000,-0.023697807648900844,842,6.7357800142423265
2021-06-29,12499.736328,21500,1624946400,0.015735950658237144,842,6.7357800142423265
2021-06-30,13054.838867,43900,1625032800,-0.0434513091217965,842,6.7357800142423265
2021-07-01,13074.664063,34400,1625119200,-0.0015174570949444159,852,6.747586526829315
2021-07-02,13372.041016,23600,1625205600,-0.0224897193154441,852,6.747586526829315
2021-07-05,13818.106445,39600,1625464800,-0.03281375753690728,852,6.747586526829315
2021-07-06,13738.805664,36900,1625551200,0.005755434396246624,832,6.723832440821209
2021-07-07,13600.030273,19000,1625637600,0.010152340303213443,832,6.723832440821209
2021-07-08,13481.079102,17800,1625724000,0.008784864338095603,832,6.723832440821209
2021-07-09,13312.56543,24200,1625810400,0.012578795970172519,832,6.723832440821209
2021-07-12,13461.253906,24000,1626069600,-0.011107119439986258,802,6.687108607866515
2021-07-13,13332.390625,15700,1626156000,0.009619018005886614,802,6.687108607866515
2021-07-14,13253.089844,17800,1626242400,0.005965738801334845,792,6.674561391814426
2021-07-15,13451.341797,27000,1626328800,-0.014848141910792782,792,6.674561391814426
2021-07-16,13629.767578,17200,1626415200,-0.013177330394638495,792,6.674561391814426
2021-07-19,13590.117188,13900,1626674400,0.002913342094241323,792,6.674561391814426
2021-07-20,13421.603516,19500,1626760800,0.012477239791292314,792,6.674561391814426
2021-07-21,13748.717773,18100,1626847200,-0.02407995545172785,802,6.687108607866515
2021-07-26,14204.696289,27700,1627279200,-0.03262706761582819,802,6.687108607866515
2021-07-27,14293.90918,24600,1627365600,-0.006260880555395005,802,6.687108607866515
2021-07-28,13996.532227,29500,1627452000,0.02102391420116075,802,6.687108607866515
2021-07-29,14918.400391,62200,1627538400,-0.0637857757668948,802,6.687108607866515
2021-07-30,14868.836914,38300,1627624800,0.003327836162404882,802,6.687108607866515
2021-08-02,14938.225586,26900,1627884000,-0.004655862840905555,802,6.687108607866515
2021-08-03,14819.274414,36300,1627970400,0.007994744556654882,802,6.687108607866515
2021-08-04,14046.094727,95100,1628056800,0.05358425698100182,802,6.687108607866515
2021-08-05,13986.619141,34200,1628143200,0.0042433048417176746,752,6.62273632394984
2021-08-06,14373.208984,32700,1628229600,-0.027264889576125925,752,6.62273632394984
2021-08-10,14581.373047,21100,1628575200,-0.01437890896235637,752,6.62273632394984
2021-08-11,14283.996094,25900,1628661600,0.020605139186748944,752,6.62273632394984
2021-08-12,14472.334961,19200,1628748000,-0.013099136999080956,752,6.62273632394984
2021-08-13,14611.110352,16700,1628834400,-0.009543329048794617,752,6.62273632394984
2021-08-16,15077.000977,34200,1629093600,-0.03138824627024321,762,6.635946555686647
2021-08-17,14928.3125,27400,1629180000,0.00991089089594189,762,6.635946555686647
2021-08-18,14779.624023,23600,1629266400,0.010010100732362963,762,6.635946555686647
2021-08-19,14551.635742,24800,1629352800,0.015546067539972633,762,6.635946555686647
2021-08-20,14393.03418,19700,1629439200,0.010959057385966668,742,6.60934924316738
2021-08-23,14958.050781,20400,1629698400,-0.038505316626224216,742,6.60934924316738
2021-08-24,15304.990234,23700,1629784800,-0.022929265635596278,742,6.60934924316738
2021-08-25,15255.426758,29900,1629871200,0.0032436415686746896,742,6.60934924316738
2021-08-26,16147.557617,64600,1629957600,-0.05683351435020114,752,6.62273632394984
2021-08-27,16157.469727,50600,1630044000,-0.0006136574475239333,752,6.62273632394984
2021-08-30,16712.572266,32500,1630303200,-0.033778801953427626,742,6.60934924316738
2021-08-31,16563.884766,43100,1630389600,0.008936557722871948,742,6.60934924316738
2021-09-01,16524.234375,21500,1630476000,0.002396655416417714,752,6.62273632394984
2021-09-02,17128.900391,36200,1630562400,-0.035939064925064886,742,6.60934924316738
2021-09-03,18338.232422,89400,1630648800,-0.06822096561153305,742,6.60934924316738
2021-09-06,19785.466797,101400,1630908000,-0.07595958415414315,702,6.553933404025811
2021-09-07,20360.394531,106600,1630994400,-0.028643901206092125,702,6.553933404025811
2021-09-08,21886.927734,133800,1631080800,-0.07229798223411944,692,6.539585955617669
2021-09-09,22342.90625,142600,1631167200,-0.02061932546432106,692,6.539585955617669
2021-09-10,23443.199219,117500,1631253600,-0.04807156390423069,692,6.539585955617669
2021-09-13,22303.255859,267500,1631512800,0.04984777039327432,702,6.553933404025811
2021-09-14,23145.824219,118100,1631599200,-0.037081714498619495,702,6.553933404025811
2021-09-15,24702.095703,184800,1631685600,-0.06507370135690994,702,6.553933404025811
2021-09-16,23334.162109,257300,1631772000,0.056969614602384526,702,6.553933404025811
2021-09-17,23809.964844,177400,1631858400,-0.020185712267602778,702,6.553933404025811
2021-09-21,23581.976563,138700,1632204000,0.009621468672466466,702,6.553933404025811
2021-09-22,22788.970703,50200,1632290400,0.034206037479312085,702,6.553933404025811
2021-09-24,23215.210938,59500,1632463200,-0.018531029887593923,702,6.553933404025811
2021-09-27,21896.841797,104300,1632722400,0.0584652914705086,702,6.553933404025811
2021-09-28,20826.285156,157500,1632808800,0.05012651791886085,702,6.553933404025811
2021-09-29,20499.169922,116000,1632895200,0.015831504606858633,702,6.553933404025811
2021-09-30,20459.519531,71600,1632981600,0.0019361168003896216,702,6.553933404025811
2021-10-01,20608.208984,69300,1633068000,-0.007241213872264109,702,6.553933404025811
2021-10-04,19825.117188,63900,1633327200,0.0387398121609122,702,6.553933404025811
2021-10-05,19914.330078,52100,1633413600,-0.004489898376009423,712,6.568077911411976
2021-10-06,19706.166016,30700,1633500000,0.010507994494734128,712,6.568077911411976
2021-10-07,19805.291016,20700,1633586400,-0.0050175425260413084,692,6.539585955617669
2021-10-08,20221.619141,35400,1633672800,-0.020803161564990347,712,6.568077911411976
2021-10-11,20162.142578,54200,1633932000,0.0029455703714433203,682,6.525029657843462
2021-10-12,20072.929688,68900,1634018400,0.004434590578696374,692,6.539585955617669
2021-10-13,20053.105469,37000,1634104800,0.0009880976545708156,692,6.539585955617669
2021-10-14,20965.060547,62900,1634191200,-0.04447324062901397,692,6.539585955617669
2021-10-15,20459.519531,57900,1634277600,0.024408991707962246,702,6.553933404025811
2021-10-18,20291.005859,28800,1634536800,0.008270550180257592,702,6.553933404025811
2021-10-19,20707.333984,40500,1634623200,-0.020310209532153678,702,6.553933404025811
2021-10-20,21034.449219,29500,1634709600,-0.015673596406748643,702,6.553933404025811
2021-10-21,20291.005859,27300,1634796000,0.03598380593890238,702,6.553933404025811
2021-10-22,20082.84375,39600,1634882400,0.010311820921996525,702,6.553933404025811
2021-10-25,20261.269531,62900,1635141600,-0.0088452529899231,702,6.553933404025811
2021-10-26,18169.71875,202800,1635228000,0.10895475532502395,692,6.539585955617669
2021-10-27,17178.462891,177400,1635314400,0.05609996176188341,692,6.539585955617669
2021-10-28,17951.642578,142900,1635400800,-0.04402517755614402,692,6.539585955617669
2021-10-29,17545.228516,76200,1635487200,0.02289958575555249,702,6.553933404025811
2021-11-01,17971.46875,69500,1635746400,-0.024003397384338925,712,6.568077911411976
2021-11-02,17644.353516,57400,1635832800,0.01836961281187931,712,6.568077911411976
2021-11-04,18308.494141,109000,1636005600,-0.036949294780274936,712,6.568077911411976
2021-11-05,18308.494141,47200,1636092000,0.0,712,6.568077911411976
2021-11-08,18695.083984,54900,1636351200,-0.020895487874640163,712,6.568077911411976
2021-11-09,18457.183594,49200,1636437600,0.012806951347121958,712,6.568077911411976
2021-11-10,18090.417969,41000,1636524000,0.020071245280603323,712,6.568077911411976
2021-11-11,18298.582031,38800,1636610400,-0.01144116808506426,712,6.568077911411976
2021-11-12,17991.292969,57100,1636696800,0.01693565528092588,712,6.568077911411976
2021-11-15,17951.642578,51800,1636956000,0.0022062976482354166,712,6.568077911411976
2021-11-16,17753.392578,48000,1637042400,0.011104990458192849,712,6.568077911411976
2021-11-17,17366.802734,52300,1637128800,0.022016133781394685,712,6.568077911411976
2021-11-18,17089.25,63600,1637215200,0.016110884180265243,712,6.568077911411976
2021-11-19,17257.763672,46000,1637301600,-0.009812499317737637,712,6.568077911411976
2021-11-22,17158.638672,41700,1637560800,0.005760350724822595,702,6.553933404025811
2021-11-24,17396.539063,39700,1637733600,-0.013769522566709925,702,6.553933404025811
2021-11-25,17356.888672,48300,1637820000,0.0022818128045504625,702,6.553933404025811
2021-11-26,16157.469727,95000,1637906400,0.07160700467244097,702,6.553933404025811
2021-11-29,16653.097656,91500,1638165600,-0.030213779993462316,702,6.553933404025811
2021-11-30,16246.682617,379600,1638252000,0.024707503238728556,702,6.553933404025811
2021-12-01,15473.50293,86800,1638338400,0.04875966859337776,702,6.553933404025811
2021-12-02,15503.241211,65200,1638424800,-0.0019200397563161739,702,6.553933404025811
2021-12-03,15344.639648,57000,1638511200,0.01028290800543216,702,6.553933404025811
2021-12-06,15423.94043,44800,1638770400,-0.005154671251532527,712,6.568077911411976
2021-12-07,15998.869141,42700,1638856800,-0.03659716535655649,712,6.568077911411976
2021-12-08,15602.366211,36400,1638943200,0.025095458108903342,712,6.568077911411976
2021-12-09,15136.476563,40600,1639029600,0.030315085732605575,712,6.568077911411976
2021-12-10,14948.137695,28000,1639116000,0.012520774031891259,712,6.568077911411976
2021-12-13,14769.711914,24500,1639375200,0.012008131634999183,712,6.568077911411976
2021-12-14,14680.499023,39100,1639461600,0.0060585755450481265,712,6.568077911411976
2021-12-15,14591.286133,40200,1639548000,0.006095505672182208,712,6.568077911411976
2021-12-16,14630.935547,52800,1639634400,-0.002713649822067465,712,6.568077911411976
2021-12-17,13847.84375,75200,1639720800,0.05500862555840424,712,6.568077911411976
2021-12-20,13570.291992,54200,1639980000,0.02024654351218209,682,6.525029657843462
2021-12-21,12123.058594,239300,1640066400,0.11277368303542137,682,6.525029657843462
2021-12-22,11904.982422,148600,1640152800,0.01815230462958909,682,6.525029657843462
2021-12-23,11954.544922,114800,1640239200,-0.004154530856652661,682,6.525029657843462
2021-12-24,11696.818359,52000,1640325600,0.02179466457747513,682,6.525029657843462
2021-12-27,11339.966797,56700,1640584800,0.030983499353269082,682,6.525029657843462
2021-12-28,11647.255859,100500,1640671200,-0.026737233340919115,682,6.525029657843462
2021-12-29,11676.993164,59600,1640757600,-0.00254990598697403,682,6.525029657843462
2021-12-30,11349.878906,52900,1640844000,0.02841343487346113,682,6.525029657843462
2022-01-04,11201.19043,61300,1641276000,0.01318701374991177,672,6.51025834052315
2022-01-05,10626.262695,81300,1641362400,0.052691511413998776,672,6.51025834052315
2022-01-06,10566.787109,118800,1641448800,0.005612759153455718,672,6.51025834052315
2022-01-07,10209.93457,86900,1641535200,0.034354566745315084,672,6.51025834052315
2022-01-11,9793.607422,93700,1641880800,0.04163135477668846,692,6.539585955617669
2022-01-12,9991.858398,101300,1641967200,-0.020040732229392625,692,6.539585955617669
2022-01-13,9446.667969,75100,1642053600,0.05610851772953477,692,6.539585955617669
2022-01-14,9268.242188,101500,1642140000,0.019068345591654483,692,6.539585955617669
2022-01-17,8921.302734,98900,1642399200,0.038151755523705276,692,6.539585955617669
2022-01-18,8941.12793,120000,1642485600,-0.0022197655530098717,692,6.539585955617669
2022-01-19,8425.674805,86400,1642572000,0.059378179313835225,692,6.539585955617669
2022-01-20,8504.974609,91300,1642658400,-0.009367671843118083,692,6.539585955617669
2022-01-21,8376.111328,65700,1642744800,0.015267475634620262,692,6.539585955617669
2022-01-24,8148.123047,102400,1643004000,0.02759616504057469,682,6.525029657843462
2022-01-25,7949.871582,121000,1643090400,0.024631824419604004,682,6.525029657843462
2022-01-26,8395.936523,111300,1643176800,-0.05459206621567983,682,6.525029657843462
2022-01-27,8276.986328,134100,1643263200,0.014268909448224105,682,6.525029657843462
2022-01-28,8098.560059,238200,1643349600,0.021792656714165713,682,6.525029657843462
2022-01-31,8524.799805,128400,1643608800,-0.05129326422786763,682,6.525029657843462
2022-02-01,9149.291016,200900,1643695200,-0.07069685208579356,682,6.525029657843462
2022-02-02,10636.174805,337500,1643781600,-0.15058451677054424,682,6.525029657843462
2022-02-03,10527.136719,431400,1643868000,0.010304535820057735,682,6.525029657843462
2022-02-04,11121.890625,245000,1643954400,-0.05495892195878092,682,6.525029657843462
2022-02-07,10358.623047,154900,1644213600,0.0710959771277319,682,6.525029657843462
2022-02-08,9991.858398,148100,1644300000,0.03604871629108564,682,6.525029657843462
2022-02-09,10041.421875,93500,1644386400,-0.004948124066580366,682,6.525029657843462
2022-02-10,10299.148438,62800,1644472800,-0.02534249064320754,682,6.525029657843462
2022-02-14,10001.771484,52500,1644818400,0.029298990190296713,672,6.51025834052315
2022-02-15,9892.733398,41100,1644904800,0.010961738276633408,672,6.51025834052315
2022-02-16,10328.885742,55300,1644991200,-0.0431439236701732,672,6.51025834052315
2022-02-17,9952.208008,69300,1645077600,0.037149974194860526,672,6.51025834052315
2022-02-18,10170.285156,58700,1645164000,-0.021675811701637966,672,6.51025834052315
2022-02-21,9882.820313,50600,1645423200,0.02867232079932015,672,6.51025834052315
2022-02-22,10031.508789,62400,1645509600,-0.014933090471775377,672,6.51025834052315
2022-02-24,9833.257813,52600,1645682400,0.019960723663618708,672,6.51025834052315
2022-02-25,10140.546875,33300,1645768800,-0.030771634540219816,672,6.51025834052315
2022-02-28,10021.59668,46300,1646028000,0.011799496891129857,672,6.51025834052315
2022-03-01,10447.835938,65700,1646114400,-0.04165243742919806,682,6.525029657843462
2022-03-02,10328.885742,42900,1646200800,0.011450458593902153,682,6.525029657843462
2022-03-03,10100.896484,52000,1646287200,0.022320230398373504,682,6.525029657843462
2022-03-04,9763.870117,85800,1646373600,0.033935330490740344,682,6.525029657843462
2022-03-07,9436.755859,60600,1646632800,0.03407658812066243,682,6.525029657843462
2022-03-08,9109.640625,65100,1646719200,0.035279000003468536,682,6.525029657843462
2022-03-09,9099.728516,48100,1646805600,0.001088682414229647,682,6.525029657843462
2022-03-10,9535.880859,42100,1646892000,-0.04681703676084034,682,6.525029657843462
2022-03-11,9248.416992,27500,1646978400,0.030609215553128462,682,6.525029657843462
2022-03-14,9238.503906,38200,1647237600,0.0010724432700081313,682,6.525029657843462
2022-03-15,9407.017578,38900,1647324000,-0.018076003987662074,682,6.525029657843462
2022-03-16,9565.619141,46700,1647410400,-0.016719369049183842,682,6.525029657843462
2022-03-17,9972.033203,49400,1647496800,-0.041609164632977105,652,6.480044561926653
2022-03-18,10120.72168,52600,1647583200,-0.014800478290973517,642,6.464588303689961
2022-03-22,9575.53125,94000,1647928800,0.05537395701338207,672,6.51025834052315
2022-03-23,10011.683594,52900,1648015200,-0.04454175383706085,662,6.495265555937008
2022-03-24,10021.59668,24800,1648101600,-0.0009896618699997857,662,6.495265555937008
2022-03-25,10120.72168,23500,1648188000,-0.00984254130632146,662,6.495265555937008
2022-03-28,10071.15918,26700,1648447200,0.004909161249619122,662,6.495265555937008
2022-03-29,10656.0,61500,1648533600,-0.05644730147796636,662,6.495265555937008
2022-03-30,10630.0,59100,1648620000,0.0024429214441767377,662,6.495265555937008
2022-03-31,10170.0,72100,1648706400,0.04423798229338802,662,6.495265555937008
2022-04-01,10470.0,43400,1648792800,-0.02907181482197696,662,6.495265555937008
2022-04-04,10970.0,69700,1649052000,-0.046650249404693374,662,6.495265555937008
2022-04-05,11350.0,83700,1649138400,-0.034053469640272775,662,6.495265555937008
2022-04-06,11180.0,81000,1649224800,0.015091276200458624,662,6.495265555937008
2022-04-07,10650.0,88100,1649311200,0.048566575571518986,662,6.495265555937008
2022-04-08,11110.0,63800,1649397600,-0.042285711496104494,662,6.495265555937008
2022-04-11,10910.0,50800,1649656800,0.018165803806559272,682,6.525029657843462
2022-04-12,10500.0,65900,1649743200,0.03830454268150171,682,6.525029657843462
2022-04-13,11020.0,41800,1649829600,-0.048336546561290765,682,6.525029657843462
2022-04-14,11240.0,31500,1649916000,-0.01976704074077658,682,6.525029657843462
2022-04-15,10770.0,33300,1650002400,0.042714353297247896,682,6.525029657843462
2022-04-18,10720.0,19100,1650261600,0.00465333552564135,682,6.525029657843462
2022-04-19,10620.0,28900,1650348000,0.009372139828863252,682,6.525029657843462
2022-04-20,10600.0,44900,1650434400,0.0018850146957714257,682,6.525029657843462
2022-04-21,10490.0,37100,1650520800,0.010431578709815719,702,6.553933404025811
2022-04-22,9960.0,65700,1650607200,0.051845350811698936,702,6.553933404025811
2022-04-25,9720.0,42600,1650866400,0.024391453124159263,692,6.539585955617669
2022-04-26,10200.0,54000,1650952800,-0.04820210181787775,692,6.539585955617669
2022-04-27,10220.0,36400,1651039200,-0.001958864485333034,692,6.539585955617669
2022-04-28,10130.0,34200,1651125600,0.008845266514966268,692,6.539585955617669
2022-05-02,10080.0,22000,1651471200,0.0049480556173694375,672,6.51025834052315
2022-05-06,9910.0,40200,1651816800,0.017008914301325916,672,6.51025834052315
2022-05-09,9890.0,57500,1652076000,0.002020202707275802,672,6.51025834052315
2022-05-10,9860.0,48000,1652162400,0.003037977020076801,672,6.51025834052315
2022-05-11,9490.0,87200,1652248800,0.03824755599270752,672,6.51025834052315
2022-05-12,8970.0,66400,1652335200,0.05635293655113178,672,6.51025834052315
2022-05-13,10470.0,58500,1652421600,-0.15462834881174078,672,6.51025834052315
2022-05-16,12290.0,289700,1652680800,-0.160271898695498,662,6.495265555937008
2022-05-17,12970.0,186900,1652767200,-0.053853074750409013,662,6.495265555937008
2022-05-18,13250.0,170700,1652853600,-0.02135855410387874,662,6.495265555937008
2022-05-19,12450.0,122500,1652940000,0.06227692952151451,662,6.495265555937008
2022-05-20,13270.0,113100,1653026400,-0.0637852254333995,662,6.495265555937008
2022-05-23,13420.0,73300,1653285600,-0.011240283199419544,662,6.495265555937008
2022-05-24,13760.0,118800,1653372000,-0.025019700961661912,662,6.495265555937008
2022-05-25,13710.0,56000,1653458400,0.0036403389309746727,652,6.480044561926653
2022-05-26,13660.0,68800,1653544800,0.003653639431579032,652,6.480044561926653
2022-05-27,13260.0,103700,1653631200,0.02971986938492745,652,6.480044561926653
